date,OT,AC,GR,DEN,TNPH,AMH10,AMH20,AMH30,AMH60,AMH60,VS
3223,8881.365,2.091,69.381,-0.305,112.595,13.109,13.238,12.343,11.797,11.601,4818.812
3223.125,8806.383,2.118,67.554,-0.247,113.554,10.84,10.225,9.735,9.42,9.299,4785.979
3223.25,8733.792,2.137,67.458,-0.197,114.498,13.021,12.092,11.508,11.137,10.965,4796.122
3223.375,8725.105,2.157,67.116,-0.158,114.612,14.291,13.526,12.863,12.45,12.234,4821.503
3223.5,8710.239,2.16,61.189,-0.141,114.807,15.86,15.934,15.137,14.652,14.337,4865.607
3223.625,8710.239,2.16,61.189,-0.141,114.807,20.558,21.22,19.961,19.246,18.648,4865.607
3224.75,9369.13,2.25,77.116,-0.109,106.733,5.029,4.779,4.624,4.606,4.539,5529.619
3224.875,9198.963,2.281,86.797,-0.009,108.708,4.878,4.617,4.434,4.403,4.327,5435.843
3225,9198.963,2.281,86.797,-0.009,108.708,4.495,4.235,4.065,4.032,3.952,5435.843
3225.125,9093.356,2.296,90.444,0.047,109.97,3.987,3.734,3.599,3.57,3.49,5234.5
3225.25,9041.239,2.302,89.088,0.054,110.604,3.607,3.357,3.241,3.215,3.122,5091.667
3225.375,9072.771,2.281,87.283,0,110.22,4.012,3.79,3.637,3.601,3.474,5008.67
3225.5,9040.61,2.265,82.715,-0.017,110.612,4.008,3.958,3.785,3.74,3.595,4913.781
3225.625,9109.642,2.258,78.757,-0.014,109.774,3.991,3.99,3.811,3.762,3.608,4870.441
3225.75,9109.642,2.258,78.757,-0.014,109.774,3.989,3.851,3.684,3.642,3.476,4870.441
3225.875,9198.287,2.286,77.551,0.063,108.716,3.98,3.828,3.66,3.612,3.451,4847.124
3226,9232.221,2.308,76.83,0.105,108.316,3.933,3.839,3.662,3.593,3.456,4783.35
3226.125,9316.877,2.309,78.007,0.103,107.332,4.176,4.023,3.821,3.73,3.594,4598.97
3226.25,9384.103,2.295,79.969,0.05,106.563,4.449,4.405,4.151,4.01,3.885,4594.923
3226.375,9384.103,2.295,79.969,0.05,106.563,4.623,4.498,4.244,4.086,3.973,4594.923
3226.5,9280.183,2.287,81.621,0.011,107.757,4.65,4.495,4.257,4.093,3.991,4684.24
3226.625,9116.95,2.276,80.067,-0.027,109.686,4.446,4.358,4.154,4.003,3.908,4676.866
3226.75,8999.15,2.261,72.626,-0.065,111.122,6.316,5.515,5.243,4.988,4.884,4657.709
3226.875,8924.643,2.238,65.317,-0.1,112.049,5.753,5.556,5.31,5.054,4.951,4678.124
3227,8826.172,2.221,62.002,-0.104,113.299,6.849,6.899,6.507,6.131,5.954,4726.034
3227.125,8826.172,2.221,62.002,-0.104,113.299,8.168,8.469,7.893,7.37,7.101,4726.034
3227.25,8805.274,2.196,61.297,-0.13,113.568,9.577,10.418,9.575,8.858,8.45,4805.056
3227.375,8843.055,2.169,62.803,-0.169,113.083,9.722,10.433,9.564,8.862,8.435,4832.368
3227.5,8845.338,2.148,66.883,-0.204,113.054,9.658,9.833,9.01,8.388,7.987,4774.749
3227.625,8835.538,2.16,73.339,-0.161,113.179,8.69,8.647,7.951,7.454,7.119,4732.077
3227.75,8835.538,2.16,73.339,-0.161,113.179,5.392,5.244,4.936,4.734,4.578,4732.077
3227.875,8764.727,2.204,77.048,-0.059,114.094,4.439,4.304,4.081,3.943,3.837,4746.449
3228,8704.145,2.257,77.323,0.018,114.888,4.039,3.912,3.706,3.584,3.5,4751.741
3228.125,8715.546,2.274,75.745,0.035,114.738,4.285,4.058,3.822,3.682,3.599,4738.355
3228.25,8951.093,2.244,74.649,-0.042,111.718,4.856,4.644,4.292,4.101,4.003,4791.11
3228.375,9029.435,2.192,74.8,-0.127,110.749,5.086,4.885,4.484,4.267,4.166,4983.517
3228.5,9029.435,2.192,74.8,-0.127,110.749,5.111,4.899,4.5,4.277,4.181,4983.517
3228.625,8992.337,2.161,72.97,-0.195,111.206,4.998,4.763,4.399,4.185,4.099,5069.369
3228.75,9002.27,2.16,70.696,-0.189,111.083,5.356,5.144,4.752,4.507,4.418,5027.761
3228.875,8999.563,2.17,64.97,-0.188,111.117,6.035,5.779,5.3,4.998,4.895,4854.11
3229,9066.026,2.149,61.137,-0.247,110.302,7.058,6.876,6.211,5.811,5.662,4789.158
3229.125,9066.026,2.149,61.137,-0.247,110.302,8.198,8.219,7.287,6.763,6.549,4789.158
3229.75,8864.683,2.318,98.224,0.2,112.807,1.834,1.74,1.675,1.649,1.623,4451.018
3229.875,8864.683,2.318,98.224,0.2,112.807,1.792,1.653,1.591,1.564,1.537,4451.018
3230,8777.52,2.356,102.227,0.32,113.927,1.795,1.648,1.58,1.549,1.52,4227.971
3230.125,8754.283,2.374,104.035,0.34,114.23,1.771,1.677,1.6,1.566,1.533,4064.023
3230.25,8636.556,2.373,103.333,0.354,115.787,1.692,1.668,1.584,1.548,1.512,4077.741
3230.375,8654,2.384,102.331,0.323,115.553,1.678,1.647,1.566,1.53,1.496,4068.251
3230.5,8779.431,2.357,102.856,0.236,113.903,1.664,1.625,1.548,1.513,1.482,3930.995
3230.625,8779.431,2.357,102.856,0.236,113.903,1.656,1.61,1.536,1.502,1.473,3930.995
3230.75,8782.862,2.344,104.378,0.22,113.858,1.676,1.634,1.562,1.528,1.504,3838.123
3230.875,8738.195,2.337,106.374,0.209,114.44,1.694,1.652,1.581,1.548,1.528,3869.063
3231,8714.468,2.359,105.593,0.267,114.752,1.715,1.664,1.595,1.565,1.55,4090.348
3231.125,8595.725,2.368,100.221,0.247,116.337,1.766,1.695,1.628,1.599,1.592,4479.841
3231.25,8595.725,2.368,100.221,0.247,116.337,1.985,1.878,1.808,1.772,1.786,4479.841
3231.375,8406.604,2.349,89.958,0.182,118.954,2.321,2.296,2.198,2.143,2.173,4988.8
3231.5,8313.125,2.291,75.129,0.043,120.292,2.928,3.035,2.876,2.777,2.832,5331.152
3231.625,8303.917,2.197,62.442,-0.153,120.425,4.89,5.044,4.664,4.4,4.527,5319.186
3231.75,8357.871,2.11,52.021,-0.32,119.648,13.669,14.03,12.538,11.181,11.748,4990.261
3231.875,8403.263,2.055,47.586,-0.41,119.001,17.111,20.754,18.153,15.676,16.436,5000.53
3232,8403.263,2.055,47.586,-0.41,119.001,18.644,24.388,21.448,18.358,18.993,5000.53
3232.125,8385.653,2.038,41.802,-0.438,119.251,18.515,25.284,22.688,19.437,19.669,5261.507
3232.25,8441.212,2.046,36.764,-0.425,118.466,21.965,22.723,22.317,20.245,20.003,5355.745
3232.375,8622.682,2.059,36.49,-0.414,115.973,22.715,22.579,22.618,21.152,20.714,5446.054
3232.5,8854.173,2.072,36.883,-0.396,112.941,21.285,21.912,22.358,21.391,20.814,5486.544
3232.625,8854.173,2.072,36.883,-0.396,112.941,20.005,21.404,21.968,21.391,20.732,5486.544
3232.75,9099.106,2.085,37.661,-0.369,109.901,17.43,19.89,20.148,20.256,19.376,5476.322
3232.875,9168.541,2.105,41.951,-0.329,109.069,15.506,18.014,18.215,18.611,17.625,5415.214
3233,9093.083,2.13,50.306,-0.289,109.974,13.177,15.287,15.385,15.82,14.917,5278.786
3233.125,9114.682,2.168,64.263,-0.223,109.713,11.21,12.614,12.444,12.699,12.05,5041.242
3233.25,9147.851,2.227,80.524,-0.091,109.315,5.551,5.813,5.61,5.632,5.452,4805.241
3233.375,9147.851,2.227,80.524,-0.091,109.315,3.585,3.712,3.597,3.604,3.516,4805.241
3233.5,8922.892,2.3,95.116,0.119,112.071,2.296,2.343,2.287,2.291,2.253,4545.955
3233.625,8667.524,2.355,103.637,0.342,115.373,1.929,1.839,1.791,1.791,1.765,4350.031
3233.75,8600.522,2.371,107.461,0.447,116.272,1.643,1.522,1.47,1.453,1.429,4211.165
3233.875,8599.155,2.376,108.513,0.362,116.29,1.59,1.49,1.434,1.411,1.385,4105.53
3234,8599.155,2.376,108.513,0.362,116.29,1.554,1.485,1.419,1.391,1.364,4105.53
3234.125,8615.364,2.386,106.498,0.328,116.072,1.524,1.485,1.411,1.377,1.348,3979.328
3234.25,8672.425,2.397,104.392,0.33,115.308,1.467,1.436,1.364,1.325,1.294,3896.481
3234.375,8725.196,2.392,99.776,0.366,114.611,1.455,1.412,1.342,1.303,1.27,3882.863
3234.5,8742.436,2.384,99.935,0.341,114.385,1.476,1.43,1.357,1.314,1.279,3880.251
3234.625,8822.271,2.388,101.788,0.319,113.35,1.494,1.453,1.377,1.331,1.293,3915.841
3234.75,8822.271,2.388,101.788,0.319,113.35,1.502,1.477,1.399,1.351,1.31,3915.841
3234.875,8785.455,2.396,102.455,0.335,113.825,1.5,1.477,1.4,1.352,1.313,4016.635
3235,8637.056,2.396,101.618,0.314,115.78,1.503,1.477,1.401,1.354,1.316,4105.607
3235.125,8647.399,2.389,99.401,0.273,115.642,1.516,1.488,1.411,1.365,1.327,4149.625
3235.25,8745.746,2.389,97.674,0.274,114.341,1.551,1.482,1.409,1.367,1.335,4157.285
3235.375,8745.746,2.389,97.674,0.274,114.341,1.553,1.471,1.404,1.364,1.335,4157.285
3236,9281.905,2.265,50.8,-0.114,107.737,8.177,9.063,8.004,7.253,7.027,5378.047
3236.125,9281.905,2.265,50.8,-0.114,107.737,12.448,13.867,11.976,10.639,10.194,5378.047
3236.25,9534.079,2.197,42.976,-0.237,104.887,23.115,24.55,21.088,18.269,17.226,5899.844
3236.375,9738.767,2.161,40.467,-0.302,102.682,29.367,30.833,26.532,23.502,22.278,6049.241
3236.5,9883.044,2.169,37.509,-0.298,101.183,37.267,39.605,33.376,30.98,29.779,6032.917
3236.625,8238.56,2.19,35.903,-0.273,99.151,45.691,55.511,40.161,37.467,37.754,6001.133
3237,7974.91,2.235,38.25,-0.208,97.318,33.31,42.063,32.961,31.446,31.73,5895.886
3237.125,8138.05,2.283,42.031,-0.114,96.336,21.166,25.648,23.67,23.824,23.425,5799.542
3237.25,8673.83,2.32,46.85,-0.028,96.042,6.439,6.753,7.124,7.47,7.337,5631.614
3237.375,8886.79,2.343,53.336,0.057,97.557,5.557,5.312,5.516,5.716,5.637,5432.937
3237.5,8675.75,2.343,53.336,0.057,97.557,5.624,5.224,5.382,5.547,5.472,5432.937
3237.625,8068.5,2.342,59.439,0.089,99.323,6.087,5.797,5.966,6.148,6.055,5284.92
3237.75,9849.044,2.345,63.242,0.12,101.533,5.811,6.196,6.335,6.493,6.394,5180.314
3237.875,9731.546,2.343,63.514,0.102,102.759,5.316,5.686,5.779,5.894,5.815,5109.987
3238,9715.01,2.344,64.991,0.077,102.934,4.776,4.87,4.919,4.992,4.936,5007.998
3238.125,9720.847,2.348,66.732,0.063,102.872,4.337,4.371,4.385,4.432,4.387,4945.652
3238.25,9720.847,2.348,66.732,0.063,102.872,3.198,3.155,3.142,3.16,3.136,4945.652
3238.875,9074.822,2.387,86.522,0.31,110.195,2.883,2.846,2.77,2.762,2.714,4636.744
3239,9010.064,2.355,80.441,0.219,110.987,3.134,3.202,3.101,3.088,3.022,4727.498
3239.125,9094.134,2.33,74.977,0.157,109.961,3.224,3.345,3.235,3.214,3.137,4731.318
3239.25,9181.893,2.334,72.557,0.158,108.91,3.611,3.48,3.363,3.322,3.237,4791.987
3239.375,9262.278,2.349,71.504,0.173,107.965,3.882,3.657,3.525,3.468,3.38,4958.392
3239.5,9332.25,2.362,70.588,0.151,107.155,3.88,3.771,3.628,3.558,3.466,5049.041
3239.625,9332.25,2.362,70.588,0.151,107.155,3.808,3.818,3.671,3.589,3.497,5049.041
3239.75,9414.751,2.349,70.56,0.11,106.216,3.718,3.751,3.609,3.512,3.434,5051.186
3239.875,9581.021,2.334,72.637,0.097,104.373,3.837,3.796,3.651,3.546,3.473,4984.536
3240,9811.964,2.332,74.558,0.103,101.916,4.103,3.924,3.767,3.648,3.576,4944.368
3240.125,9982.71,2.342,73.45,0.11,100.173,4.062,3.916,3.764,3.643,3.574,4996.173
3240.25,9982.71,2.342,73.45,0.11,100.173,3.788,3.803,3.67,3.559,3.494,4996.173
3240.375,8174.78,2.353,70.276,0.121,98.944,4.04,4.005,3.863,3.741,3.671,5060.583
3240.5,7873.54,2.358,66.179,0.124,98.601,4.413,4.297,4.139,4.002,3.922,5061.308
3240.625,7395.65,2.362,64.506,0.127,99.388,4.629,4.516,4.349,4.205,4.112,5058.215
3240.75,7153.95,2.359,63.994,0.1,99.727,4.625,4.688,4.528,4.391,4.281,5102.598
3240.875,7040.4,2.359,63.328,0.09,99.678,4.748,4.793,4.637,4.506,4.381,5131.776
3241,7276.89,2.359,63.328,0.09,99.678,4.94,4.926,4.768,4.64,4.502,5131.776
3241.125,7444.47,2.368,62.1,0.094,99.773,5.189,5.106,4.943,4.813,4.659,5127.348
3241.25,7649.51,2.375,61.631,0.097,99.564,6.096,6.16,5.944,5.78,5.542,5174.01
3241.375,8085.77,2.376,61.299,0.087,98.565,6.706,6.757,6.512,6.329,6.044,5233.991
3241.5,8780.36,2.369,60.607,0.079,96.432,6.518,6.354,6.146,5.991,5.742,5260.207
3241.625,9349.85,2.375,60.991,0.106,93.736,6.063,5.917,5.744,5.616,5.402,5248.11
3241.75,9599.06,2.375,60.991,0.106,93.736,4.972,4.997,4.888,4.807,4.656,5248.11
3241.875,9222.26,2.401,65.194,0.147,91.906,4.636,4.58,4.495,4.431,4.306,5179.745
3242,8614.02,2.431,69.27,0.198,91.819,4.36,4.201,4.131,4.082,3.98,5084.732
3242.125,8181.17,2.436,70.577,0.204,94.01,4.601,4.525,4.436,4.376,4.266,5116.584
3242.25,8083.2,2.421,69.358,0.189,95.355,5.409,5.424,5.277,5.186,5.048,5257.795
3242.375,8471.9,2.421,69.358,0.189,95.355,5.558,5.387,5.237,5.14,5.012,5257.795
3242.5,9010.46,2.401,66.38,0.155,94.206,5.59,5.352,5.198,5.092,4.975,5390.557
3242.625,9388.84,2.396,62.311,0.145,92.705,5.486,5.415,5.252,5.13,5.021,5493.259
3242.75,9472.59,2.399,59.706,0.13,92.144,6.461,6.494,6.221,6.006,5.863,5525.402
3242.875,9366.04,2.399,57.208,0.12,93.136,6.788,6.805,6.474,6.219,6.066,5491.826
3243,9563.5,2.397,56.171,0.095,93.068,6.997,7.04,6.66,6.362,6.205,5434.555
3243.125,9900.39,2.397,56.171,0.095,93.068,7.164,7.223,6.792,6.451,6.288,5434.555
3243.25,10218.76,2.402,53.527,0.095,93.192,7.824,7.942,7.231,6.719,6.493,5397.528
3243.375,10345.35,2.42,52.704,0.12,94.932,8.415,8.618,7.66,7.006,6.715,5343.553
3243.5,10612.39,2.415,54.375,0.13,96.703,8.79,8.913,7.759,7.004,6.667,5239.357
3243.625,11022.34,2.381,58.777,0.107,98.452,8.254,8.323,7.192,6.469,6.136,5018.264
3243.75,11239.88,2.381,58.777,0.107,98.452,6.577,6.795,5.836,5.244,4.949,5018.264
3243.875,9922.899,2.345,62.347,0.093,100.777,5.546,5.626,4.874,4.401,4.163,4808.418
3244,9530.29,2.343,67.141,0.123,104.929,4.352,4.185,3.706,3.386,3.227,4638.709
3244.125,9208.527,2.363,78.803,0.168,108.595,2.913,2.764,2.517,2.351,2.26,4450.165
3244.25,9252.653,2.377,94.146,0.214,108.077,1.671,1.628,1.535,1.474,1.431,4319.358
3244.375,9178.59,2.378,104.367,0.199,108.949,1.66,1.589,1.497,1.436,1.392,4242.51
3244.5,9178.59,2.378,104.367,0.199,108.949,1.621,1.542,1.452,1.393,1.349,4242.51
3244.625,9150.495,2.368,108.536,0.198,109.284,1.564,1.49,1.404,1.348,1.304,4188.741
3244.75,9168.433,2.382,108.376,0.225,109.07,1.547,1.506,1.415,1.358,1.31,4132.247
3244.875,9099.744,2.397,107.448,0.312,109.893,1.567,1.527,1.433,1.374,1.324,4098.446
3245,9070.327,2.418,105.082,0.325,110.25,1.587,1.55,1.455,1.395,1.342,4130.091
3245.125,9070.327,2.418,105.082,0.325,110.25,1.595,1.558,1.464,1.404,1.35,4130.091
3245.25,9038.232,2.398,104.772,0.263,110.641,1.594,1.545,1.457,1.4,1.348,4260.009
3245.375,8984.145,2.364,104.182,0.203,111.307,1.685,1.624,1.53,1.469,1.412,4353.368
3245.5,8951.188,2.335,103.778,0.138,111.717,1.896,1.818,1.704,1.631,1.562,4342.7
3245.625,9052.559,2.335,104.863,0.17,110.466,1.87,1.823,1.713,1.641,1.574,4330.502
3245.75,9076.865,2.35,104.347,0.167,110.17,1.69,1.704,1.614,1.554,1.499,4337.638
3245.875,9076.865,2.35,104.347,0.167,110.17,1.742,1.707,1.621,1.564,1.51,4337.638
3246,9058.988,2.364,103.892,0.199,110.388,1.79,1.717,1.633,1.577,1.525,4458.659
3246.125,9010.251,2.372,104.212,0.224,110.985,1.771,1.707,1.628,1.574,1.525,4556.216
3246.25,8960.052,2.37,105.859,0.254,111.606,1.757,1.733,1.655,1.604,1.558,4498.213
3246.375,8901.018,2.362,106.707,0.249,112.347,1.756,1.731,1.656,1.607,1.563,4527.566
3246.5,8901.018,2.362,106.707,0.249,112.347,1.802,1.775,1.699,1.648,1.605,4527.566
3246.625,8862.812,2.362,104.993,0.251,112.831,1.84,1.809,1.732,1.681,1.638,4576.879
3246.75,8910.734,2.362,102.361,0.226,112.224,1.727,1.696,1.632,1.589,1.554,4466.18
3246.875,8934.228,2.369,101.099,0.206,111.929,1.655,1.637,1.579,1.54,1.509,4335.049
3247,8883.425,2.37,101.947,0.206,112.569,1.646,1.623,1.567,1.53,1.5,4240.012
3247.125,8843.406,2.372,103.009,0.214,113.079,1.618,1.588,1.535,1.501,1.472,4173.458
3247.25,8843.406,2.372,103.009,0.214,113.079,1.51,1.485,1.44,1.411,1.386,4173.458
3247.375,8836.357,2.377,103.336,0.208,113.169,1.525,1.502,1.455,1.426,1.399,4173.731
3247.5,8848.32,2.385,104.294,0.212,113.016,1.592,1.564,1.512,1.48,1.45,4248.581
3247.625,8863.621,2.39,106.577,0.196,112.821,1.635,1.599,1.542,1.507,1.477,4242.016
3247.75,8957.732,2.391,108.715,0.189,111.635,1.608,1.579,1.521,1.486,1.456,4207.938
3247.875,8928.627,2.386,106.852,0.205,111.999,1.54,1.511,1.456,1.423,1.395,4203.069
3248,8928.627,2.386,106.852,0.205,111.999,1.507,1.482,1.428,1.395,1.368,4203.069
3248.125,8882.226,2.376,103.695,0.216,112.584,1.507,1.491,1.435,1.4,1.373,4198.156
3248.25,8850.591,2.369,101.595,0.198,112.987,1.618,1.594,1.527,1.484,1.455,4189.022
3248.375,8777.689,2.367,101.513,0.205,113.925,1.581,1.522,1.459,1.419,1.393,4178.534
3248.5,8745.869,2.38,101.51,0.253,114.34,1.458,1.422,1.368,1.332,1.311,4154.965
3248.625,8745.869,2.38,101.51,0.253,114.34,1.346,1.326,1.279,1.249,1.23,4154.965
3248.75,8746.634,2.389,100.465,0.32,114.33,1.277,1.243,1.203,1.176,1.16,4117.248
3248.875,8745.808,2.384,97.364,0.287,114.34,1.368,1.323,1.278,1.248,1.229,4101.679
3249,8766.508,2.365,94.385,0.241,114.071,1.556,1.511,1.453,1.415,1.391,4172.2
3249.125,8809.734,2.343,92.553,0.219,113.511,1.713,1.668,1.598,1.553,1.523,4300.15
3249.25,8844.564,2.336,92.492,0.224,113.064,1.855,1.863,1.785,1.73,1.687,4355.524
3249.375,8844.564,2.336,92.492,0.224,113.064,1.922,1.931,1.849,1.791,1.742,4355.524
3249.5,8868.479,2.336,92.741,0.189,112.759,1.962,1.961,1.878,1.817,1.764,4341.314
3249.625,8829.819,2.341,92.481,0.157,113.253,1.903,1.89,1.812,1.756,1.703,4318.515
3249.75,8754.636,2.339,92.013,0.15,114.225,1.695,1.681,1.619,1.573,1.525,4305.073
3249.875,8647.332,2.346,91.277,0.17,115.643,1.647,1.641,1.571,1.526,1.481,4235.276
3250,8647.332,2.346,91.277,0.17,115.643,1.586,1.57,1.499,1.456,1.414,4235.276
3250.125,8529.803,2.365,90.495,0.208,117.236,1.492,1.462,1.394,1.355,1.318,4131.605
3250.25,8385.048,2.381,89.694,0.276,119.26,1.108,1.081,1.037,1.015,0.992,4032.494
3250.375,8210.329,2.39,88.894,0.34,121.798,0.988,0.964,0.925,0.904,0.887,3878.354
3250.5,8071.259,2.373,88.096,0.366,123.896,1.002,0.957,0.916,0.892,0.877,3785.316
3250.625,8010.856,2.308,87.332,0.241,124.831,1.029,0.975,0.928,0.901,0.887,3749.692
3250.75,8010.856,2.308,87.332,0.241,124.831,1.057,1.018,0.965,0.933,0.919,3749.692
3250.875,8010.503,2.255,87.894,0.175,124.836,1.08,1.046,0.993,0.957,0.943,3711.097
3251,8046.23,2.27,93.737,0.14,124.282,1.135,1.096,1.04,1.001,0.985,3724.171
3251.125,8235.977,2.324,86.543,0.195,121.419,1.506,1.409,1.312,1.239,1.216,3875.088
3251.25,8459.342,2.339,85.61,0.175,118.213,2.613,2.583,2.333,2.112,2.055,4073.18
3251.375,8459.342,2.339,85.61,0.175,118.213,2.85,3.095,2.794,2.547,2.456,4073.18
3251.5,8677.919,2.284,92.317,0.073,115.235,3.016,3.401,3.086,2.844,2.724,4356.349
3251.625,8792.979,2.246,90.256,-0.016,113.727,3.103,3.47,3.182,2.98,2.837,4510.252
3251.75,8841.437,2.25,87.726,0.01,113.104,2.644,2.562,2.443,2.37,2.27,4488.915
3252.125,8592.712,2.332,87.427,0.144,116.378,1.785,1.694,1.669,1.695,1.635,4476.582
3252.25,8429.003,2.32,87.268,0.127,118.638,2.379,2.319,2.247,2.279,2.194,4487.994
3252.375,8340.986,2.258,93.008,0.006,119.89,3.112,3.031,2.895,2.927,2.818,4458.217
3252.5,8329.044,2.191,95.331,-0.103,120.062,4.284,4.062,3.818,3.836,3.704,4413.326
3252.625,8383.382,2.182,84.131,-0.156,119.284,4.397,4.418,4.163,4.129,4.046,4407.595
3252.75,8422.258,2.201,82.891,-0.134,118.733,3.181,3.272,3.186,3.157,3.141,4553.375
3252.875,8422.258,2.201,82.891,-0.134,118.733,2.958,2.952,2.919,2.893,2.901,4553.375
3254.125,8163.045,2.187,69.155,-0.095,122.503,2.746,2.834,2.907,3.016,2.985,4443.538
3254.25,8163.045,2.187,69.155,-0.095,122.503,2.116,1.979,1.989,2.054,2.038,4443.538
3254.375,8126.52,2.259,68.38,0.028,123.054,1.958,1.809,1.794,1.839,1.828,4264.727
3254.5,8103.793,2.309,67.585,0.104,123.399,1.795,1.656,1.625,1.646,1.64,4113.55
3254.75,8138.948,2.353,66.007,0.152,122.866,1.654,1.564,1.513,1.507,1.506,3928.754
3254.875,8138.948,2.353,66.007,0.152,122.866,1.661,1.578,1.527,1.517,1.517,3928.754
3255,8162.406,2.365,65.224,0.2,122.513,1.704,1.632,1.579,1.563,1.565,3912.873
3255.125,8220.074,2.359,64.425,0.202,121.653,1.795,1.739,1.679,1.656,1.659,3922.785
3255.25,8270.19,2.342,63.63,0.178,120.916,2.085,2.067,2,1.955,1.962,3958.369
3255.375,8279.722,2.321,62.855,0.138,120.777,2.152,2.102,2.054,2.011,2.019,4079.1
3255.5,8318.582,2.298,62.062,0.097,120.213,2.344,2.244,2.219,2.184,2.197,4337.606
3255.625,8318.582,2.298,62.062,0.097,120.213,2.742,2.69,2.677,2.646,2.663,4337.606
3257.5,8773.631,2.372,100.089,0.281,113.978,1.594,1.548,1.528,1.528,1.537,4155.388
3257.625,8773.631,2.372,100.089,0.281,113.978,1.477,1.426,1.407,1.408,1.418,4155.388
3257.75,8644.955,2.375,101.568,0.284,115.674,1.329,1.289,1.268,1.268,1.28,4125.753
3257.875,8531.055,2.361,102.957,0.246,117.219,1.287,1.255,1.232,1.231,1.243,4103.851
3258,8427.021,2.362,104.203,0.223,118.666,1.27,1.246,1.22,1.219,1.232,4071.464
3258.125,8360.582,2.364,105.257,0.244,119.609,1.262,1.237,1.209,1.207,1.22,4011.193
3258.25,8338.656,2.369,105.857,0.277,119.923,1.254,1.226,1.193,1.188,1.202,3961.354
3258.375,8338.656,2.369,105.857,0.277,119.923,1.264,1.236,1.2,1.191,1.205,3961.354
3258.5,8346.36,2.371,104.49,0.31,119.813,1.268,1.239,1.201,1.188,1.201,3917.531
3258.625,8378.865,2.372,101.945,0.281,119.348,1.256,1.227,1.186,1.171,1.183,3858.504
3258.75,8411.724,2.378,99.331,0.281,118.882,1.213,1.194,1.152,1.133,1.14,3822.532
3259,8390.563,2.384,100.002,0.3,119.182,1.255,1.228,1.179,1.153,1.156,3819.827
3259.125,8390.563,2.384,100.002,0.3,119.182,1.315,1.286,1.23,1.197,1.2,3819.827
3259.25,8436.975,2.388,101.719,0.299,118.526,1.375,1.333,1.27,1.231,1.229,3818.96
3259.375,8549.12,2.388,103.021,0.31,116.971,1.33,1.288,1.228,1.191,1.187,3826.745
3259.5,8590.35,2.38,102.822,0.312,116.41,1.285,1.254,1.198,1.162,1.156,3838.67
3259.625,8560.229,2.371,102.293,0.313,116.819,1.284,1.259,1.203,1.166,1.158,3846.817
3259.75,8560.229,2.371,102.293,0.313,116.819,1.335,1.313,1.25,1.208,1.195,3846.817
3259.875,8509.936,2.363,102.178,0.348,117.51,1.353,1.331,1.267,1.224,1.208,3847.823
3260,8595.164,2.362,104.013,0.399,116.344,1.362,1.341,1.276,1.232,1.214,3855.358
3260.125,8690.219,2.371,105.941,0.394,115.072,1.351,1.332,1.268,1.225,1.206,3874.329
3260.25,8718.472,2.384,107.389,0.38,114.699,1.316,1.291,1.232,1.191,1.171,3901.159
3260.375,8742.825,2.395,106.188,0.327,114.38,1.297,1.263,1.207,1.168,1.148,3950.894
3260.5,8742.825,2.395,106.188,0.327,114.38,1.298,1.263,1.207,1.168,1.146,3950.894
3260.625,8771.846,2.397,105.521,0.338,114.001,1.315,1.284,1.227,1.188,1.163,3972.005
3260.75,8677.098,2.396,106.778,0.363,115.246,1.367,1.338,1.275,1.234,1.206,3968.192
3260.875,8619.151,2.387,109.059,0.41,116.021,1.333,1.295,1.236,1.198,1.17,3974.124
3261,8612.745,2.374,110.279,0.328,116.107,1.253,1.218,1.167,1.133,1.108,3928.058
3261.125,8612.745,2.374,110.279,0.328,116.107,1.197,1.169,1.123,1.091,1.068,3928.058
3261.25,8609.579,2.366,110.419,0.263,116.15,1.182,1.161,1.116,1.085,1.061,3880.168
3261.375,8615.224,2.362,108.644,0.257,116.074,1.191,1.167,1.123,1.092,1.068,3873.021
3261.5,8620.073,2.37,106.451,0.306,116.008,1.194,1.172,1.128,1.097,1.072,3900.508
3261.625,8610.246,2.375,104.473,0.299,116.141,1.202,1.181,1.137,1.105,1.081,3982.62
3261.75,8605.245,2.374,104.434,0.262,116.208,1.237,1.216,1.171,1.138,1.112,4054.843
3261.875,8605.245,2.374,104.434,0.262,116.208,1.263,1.244,1.197,1.163,1.136,4054.843
3262,8638.384,2.369,106.186,0.218,115.762,1.288,1.27,1.222,1.188,1.159,4087.724
3262.125,8624.936,2.369,108.699,0.194,115.943,1.309,1.289,1.241,1.206,1.177,4090.736
3262.25,8634.236,2.369,109.403,0.221,115.818,1.267,1.251,1.207,1.174,1.147,3954.16
3262.375,8640.892,2.366,108.519,0.26,115.729,1.247,1.227,1.185,1.155,1.129,3878.239
3262.5,8640.892,2.366,108.519,0.26,115.729,1.242,1.216,1.176,1.146,1.121,3878.239
3262.625,8685.169,2.364,106.826,0.324,115.139,1.251,1.22,1.18,1.15,1.125,3938.816
3262.75,8719.901,2.377,105.201,0.331,114.68,1.35,1.323,1.276,1.242,1.213,4029.991
3263.125,8805.274,2.412,104.156,0.295,113.568,1.391,1.378,1.329,1.294,1.263,4055.634
3263.25,8805.274,2.412,104.156,0.295,113.568,1.362,1.348,1.302,1.269,1.239,4055.634
3263.375,8832.486,2.408,105.54,0.267,113.218,1.371,1.348,1.302,1.269,1.24,4066.522
3263.5,8773.292,2.387,107.072,0.247,113.982,1.387,1.354,1.308,1.275,1.245,4073.059
3263.625,8786.396,2.369,106.305,0.239,113.812,1.374,1.345,1.298,1.266,1.237,4105.168
3263.75,8824.606,2.365,104.413,0.266,113.32,1.379,1.364,1.311,1.276,1.247,4156.088
3263.875,8897.557,2.375,102.192,0.275,112.39,1.438,1.412,1.352,1.314,1.283,4121.908
3264,8897.557,2.375,102.192,0.275,112.39,1.457,1.425,1.362,1.322,1.292,4121.908
3264.125,8940.881,2.374,99.994,0.269,111.846,1.432,1.402,1.339,1.299,1.27,4116.98
3264.25,8917.56,2.376,98.932,0.286,112.138,1.344,1.324,1.269,1.231,1.205,4119.562
3264.375,8936.047,2.385,98.531,0.353,111.906,1.371,1.329,1.273,1.234,1.208,4140.229
3264.5,8968.835,2.391,100.628,0.386,111.497,1.423,1.375,1.314,1.271,1.244,4182.179
3264.625,8968.835,2.391,100.628,0.386,111.497,1.465,1.423,1.357,1.311,1.282,4182.179
3264.75,9061.229,2.392,104.455,0.381,110.36,1.519,1.496,1.428,1.379,1.345,4220.823
3264.875,9069.119,2.393,107.669,0.281,110.264,1.556,1.529,1.461,1.413,1.377,4270.141
3265,9196.983,2.402,105.509,0.263,108.731,1.614,1.575,1.507,1.458,1.419,4330.251
3265.125,9346.458,2.412,97.883,0.235,106.992,1.681,1.64,1.571,1.521,1.476,4389.409
3265.25,9492.584,2.421,91.976,0.235,105.345,1.861,1.855,1.777,1.72,1.663,4452.639
3265.25,9492.584,2.421,91.976,0.235,105.345,1.861,1.855,1.777,1.72,1.663,4452.639
3265.375,9492.584,2.421,91.976,0.235,105.345,2.063,2.049,1.957,1.892,1.827,4452.639
3265.5,9580.691,2.432,86.952,0.198,104.377,2.247,2.212,2.11,2.039,1.968,4572.583
3265.625,9650.014,2.426,84.576,0.185,103.627,2.287,2.231,2.133,2.064,1.995,4770.712
3265.75,9754.375,2.417,85.286,0.184,102.518,2.035,2.022,1.951,1.904,1.851,4965.812
3265.875,9844.351,2.422,85.058,0.209,101.581,2.027,2.021,1.953,1.908,1.862,5172.789
3266,9844.351,2.422,85.058,0.209,101.581,2.155,2.132,2.059,2.008,1.965,5172.789
3266.125,8764,2.447,82.828,0.231,96.449,2.357,2.306,2.223,2.163,2.119,5420.198
3266.25,8786.13,2.46,80.284,0.22,91.132,2.813,2.739,2.629,2.542,2.493,5630.209
3266.375,8346.33,2.458,77.052,0.199,89.18,2.985,2.928,2.807,2.705,2.659,5760.966
3266.5,8073.7,2.464,71.237,0.187,88.84,3.147,3.112,2.983,2.868,2.819,5862.214
3266.625,7700.68,2.477,63.597,0.205,89.426,3.272,3.247,3.114,2.997,2.944,6019.074
3266.75,7695.17,2.477,63.597,0.205,89.426,3.584,3.554,3.416,3.301,3.231,6019.074
3266.875,7737.57,2.493,55.865,0.235,90.046,3.79,3.759,3.619,3.507,3.426,6154.441
3267,7849.42,2.474,53.878,0.218,87.918,3.994,3.966,3.824,3.724,3.631,6353.103
3267.125,7902.23,2.441,53.26,0.175,87.677,3.993,3.972,3.847,3.772,3.682,6532.963
3267.25,7938.31,2.385,52.116,0.106,91.709,4.042,3.966,3.88,3.864,3.773,6550.101
3267.375,7790.86,2.385,52.116,0.106,91.709,4.099,3.937,3.869,3.872,3.789,6550.101
3267.5,7697.83,2.341,48.836,0.06,95.318,4.218,4.003,3.953,3.969,3.893,6485.787
3267.625,7502.96,2.312,45.586,0.02,95.303,4.415,4.191,4.158,4.18,4.109,6404.484
3267.75,7413.08,2.3,42.125,0.006,95.61,8.725,9.095,9.088,9.2,8.895,6310.673
3267.875,7598.93,2.307,38.981,-0.003,96.561,14.516,15.646,15.622,15.934,15.225,6271.224
3269.5,9067.219,2.348,89.11,0.216,110.287,2.418,2.318,2.2,2.154,2.116,4653.208
3269.625,8953.072,2.35,79.036,0.171,111.693,2.44,2.393,2.268,2.214,2.172,4559.35
3269.75,9047.08,2.361,79.468,0.157,110.533,2.499,2.465,2.347,2.286,2.236,4589.958
3269.875,9196.738,2.362,82.127,0.137,108.734,2.493,2.416,2.314,2.254,2.203,4671.843
3270,9173.757,2.363,85.198,0.145,109.007,2.501,2.385,2.3,2.244,2.192,4952.709
3270.125,9448.152,2.369,88.518,0.152,105.841,2.6,2.487,2.411,2.354,2.295,5245.86
3270.25,9448.152,2.369,88.518,0.152,105.841,3.063,3.035,2.967,2.891,2.8,5245.86
3270.375,9772.726,2.378,82.983,0.148,102.326,3.205,3.226,3.182,3.108,3.007,5427.662
3270.5,7294.69,2.374,77.405,0.097,97.549,3.195,3.272,3.272,3.213,3.112,5623.554
3270.625,7067.44,2.353,71.888,0.049,96.997,3.481,3.479,3.54,3.497,3.381,5927.552
3270.75,6716.99,2.335,66.025,0.033,97.889,4.649,4.848,5.028,5.023,4.84,6139.097
3270.875,5816.92,2.335,66.025,0.033,97.889,5.162,5.661,5.963,6.016,5.78,6139.097
3271,4681.88,2.314,50.319,0.031,99.011,6.183,6.619,7.118,7.261,6.946,6189.345
3271.125,4689.51,2.276,34.822,-0.022,96.709,8.035,7.814,8.618,8.898,8.466,6234.916
3271.25,4688,2.257,32.014,-0.078,95.967,12.366,12.367,14.339,15.286,14.436,6467.707
3271.375,4687.84,2.265,30.734,-0.082,97.906,13.287,15.113,17.769,18.777,17.946,6558.827
3271.5,4995.88,2.306,29.56,-0.02,97.844,14.651,17.662,22.13,23.073,21.531,6271.586
3271.625,5487.68,2.306,29.56,-0.02,97.844,15.94,20.085,26.446,28.299,25.055,6271.586
3271.75,6094.78,2.312,28.368,-0.012,95.242,14.437,18.397,22.399,25.563,21.605,6034.603
3271.875,6653.97,2.294,28.393,-0.03,93.625,10.789,12.707,12.64,13.021,12.812,5912.539
3272.25,9959.356,2.273,50.706,-0.032,100.408,1.926,1.804,1.814,1.867,1.797,5643.179
3272.375,9705.478,2.287,65.671,0.014,103.035,1.768,1.626,1.608,1.643,1.592,5346.562
3272.5,9481.1,2.329,81.186,0.098,105.473,1.647,1.536,1.496,1.514,1.478,4896.646
3272.625,9178.168,2.377,93.44,0.195,108.954,1.513,1.444,1.395,1.396,1.373,4591.889
3272.75,8929.608,2.432,93.855,0.311,111.987,1.309,1.267,1.217,1.199,1.19,4366.143
3272.875,8816.243,2.452,94.553,0.322,113.427,1.25,1.218,1.166,1.144,1.137,4223.324
3273,8816.243,2.452,94.553,0.322,113.427,1.205,1.176,1.125,1.099,1.093,4223.324
3273.125,8759.083,2.447,96.733,0.337,114.167,1.17,1.141,1.09,1.061,1.056,4073.912
3273.25,8776.942,2.428,98.373,0.324,113.935,1.123,1.097,1.048,1.018,1.01,3934.347
3273.375,8679.109,2.415,96.429,0.418,115.219,1.134,1.105,1.056,1.023,1.013,3871.037
3273.5,8591.302,2.414,92.701,0.438,116.397,1.143,1.118,1.07,1.035,1.023,3872.079
3273.625,8591.302,2.414,92.701,0.438,116.397,1.171,1.141,1.093,1.056,1.04,3872.079
3273.75,8520.231,2.381,91.456,0.477,117.368,1.204,1.189,1.14,1.104,1.078,3954.348
3273.875,8506.743,2.32,92.338,0.285,117.554,1.231,1.23,1.178,1.142,1.11,4009.126
3274,8598.187,2.313,93.194,0.273,116.304,1.321,1.306,1.248,1.209,1.171,4006.787
3274.75,9050.061,2.42,100.203,0.308,110.496,1.197,1.176,1.133,1.111,1.085,4133.438
3274.875,9119.785,2.41,100.168,0.243,109.652,1.189,1.167,1.126,1.104,1.081,4125.715
3275,9047.211,2.412,99.984,0.251,110.531,1.22,1.186,1.145,1.122,1.099,4133.472
3275.125,9047.211,2.412,99.984,0.251,110.531,1.307,1.268,1.222,1.195,1.171,4133.472
3275.25,9035.913,2.424,99.722,0.309,110.67,1.816,1.793,1.711,1.656,1.611,4160.585
3275.375,8998.308,2.413,98.923,0.321,111.132,2.015,1.974,1.88,1.814,1.761,4207.163
3276.125,9005.066,2.328,97.18,0.159,111.049,1.334,1.306,1.269,1.238,1.213,4335.622
3276.25,9047.244,2.35,98.146,0.225,110.531,1.288,1.299,1.255,1.223,1.198,4280.144
3276.375,9091.463,2.387,99.112,0.294,109.993,1.321,1.303,1.255,1.222,1.196,4270.893
3276.5,9091.463,2.387,99.112,0.294,109.993,1.322,1.29,1.241,1.207,1.182,4270.893
3276.625,9066.742,2.434,100.095,0.339,110.293,1.294,1.261,1.212,1.178,1.155,4246.04
3276.75,9066.569,2.442,101.203,0.343,110.295,1.356,1.324,1.265,1.227,1.201,4206.591
3276.875,9124.97,2.411,102.311,0.285,109.589,1.419,1.384,1.316,1.272,1.244,4175.634
3277,9100.945,2.393,103.45,0.285,109.879,1.491,1.46,1.383,1.332,1.302,4186.683
3277.125,9100.945,2.393,103.45,0.285,109.879,1.515,1.485,1.405,1.352,1.321,4186.683
3277.25,9076.955,2.39,104.76,0.31,110.169,1.383,1.355,1.291,1.248,1.222,4264.489
3278,8925.694,2.404,104.933,0.377,112.036,1.212,1.202,1.165,1.141,1.119,4380.631
3278.125,8868.833,2.414,104.238,0.403,112.754,1.199,1.171,1.137,1.117,1.096,4276.31
3278.25,8817.58,2.42,104.164,0.392,113.41,1.175,1.14,1.11,1.093,1.073,4196.698
3278.375,8735.486,2.406,104.228,0.342,114.476,1.181,1.161,1.131,1.114,1.092,4187.515
3278.5,8735.486,2.406,104.228,0.342,114.476,1.226,1.211,1.177,1.158,1.135,4187.515
3278.625,8700.57,2.388,104.438,0.273,114.935,1.286,1.269,1.23,1.209,1.184,4189.384
3278.75,8707.812,2.375,104.724,0.224,114.839,1.339,1.318,1.275,1.252,1.226,4096.158
3278.875,8721.445,2.378,105.282,0.236,114.66,1.316,1.295,1.253,1.23,1.206,4059.119
3279,8778.444,2.392,107.311,0.305,113.915,1.283,1.261,1.22,1.198,1.175,4154.487
3279.125,8846.536,2.407,109.193,0.356,113.039,1.266,1.245,1.204,1.182,1.16,4134.334
3279.25,8846.536,2.407,109.193,0.356,113.039,1.277,1.252,1.208,1.184,1.164,4134.334
3279.375,8903.609,2.414,108.782,0.315,112.314,1.278,1.249,1.205,1.181,1.161,4071.847
3279.5,8924.818,2.411,108.225,0.302,112.047,1.269,1.238,1.193,1.169,1.15,4012.072
3279.625,8842.796,2.401,107.68,0.255,113.086,1.254,1.232,1.187,1.162,1.144,3967.969
3279.75,8849.025,2.394,107.154,0.238,113.007,1.259,1.235,1.188,1.162,1.145,3936.422
3279.875,8849.025,2.394,107.154,0.238,113.007,1.259,1.232,1.184,1.157,1.141,3936.422
3280,8882.454,2.396,107.134,0.205,112.581,1.262,1.231,1.183,1.156,1.14,3911.338
3280,8882.454,2.396,107.134,0.205,112.581,1.262,1.231,1.183,1.156,1.14,3911.338
3280.125,8872.178,2.404,107.096,0.266,112.712,1.267,1.234,1.186,1.158,1.142,3949.946
3280.25,8822.566,2.41,106.082,0.299,113.346,1.41,1.376,1.314,1.278,1.259,4008.437
3280.375,8816.928,2.406,105.03,0.338,113.418,1.481,1.454,1.385,1.345,1.324,4026.296
3280.5,8874.445,2.395,103.926,0.317,112.683,1.465,1.439,1.372,1.333,1.312,4033.694
3280.625,8874.445,2.395,103.926,0.317,112.683,1.422,1.396,1.335,1.298,1.277,4033.694
3280.75,8922.103,2.39,103.12,0.27,112.081,1.403,1.38,1.322,1.287,1.265,4060.216
3280.875,9014.45,2.389,105.366,0.229,110.933,1.495,1.462,1.398,1.359,1.334,4094.07
3281,9035.415,2.391,107.759,0.197,110.676,1.617,1.56,1.488,1.445,1.416,4125.871
3281.25,8995.904,2.36,104.159,0.192,111.162,1.431,1.431,1.372,1.337,1.312,4134.685
3281.375,8995.904,2.36,104.159,0.192,111.162,1.508,1.487,1.425,1.387,1.36,4134.685
3281.5,9004.871,2.349,101.718,0.214,111.051,1.596,1.542,1.476,1.436,1.407,4145.854
3281.625,9029.395,2.358,99.972,0.23,110.749,1.583,1.519,1.456,1.417,1.389,4139.218
3281.75,9230.652,2.369,101.296,0.207,108.335,1.497,1.488,1.429,1.393,1.366,4136.368
3281.875,9243.033,2.372,104.1,0.177,108.19,1.556,1.542,1.48,1.442,1.413,4147.469
3282,9243.033,2.372,104.1,0.177,108.19,1.589,1.558,1.496,1.458,1.428,4147.469
3282.125,9206.229,2.373,107.05,0.161,108.622,1.598,1.547,1.487,1.45,1.42,4150.729
3282.25,9137.102,2.376,109.402,0.162,109.444,1.48,1.452,1.402,1.371,1.345,4143.56
3282.375,9083.699,2.379,108.923,0.166,110.087,1.449,1.438,1.389,1.36,1.334,4141.118
3282.5,9071.488,2.369,106.345,0.167,110.235,1.493,1.469,1.419,1.389,1.362,4143.395
3282.625,9073.019,2.355,103.64,0.175,110.217,1.554,1.518,1.465,1.433,1.405,4129.402
3282.75,9073.019,2.355,103.64,0.175,110.217,1.678,1.635,1.575,1.538,1.508,4129.402
3282.875,9037.742,2.343,104.381,0.181,110.647,1.663,1.63,1.572,1.534,1.505,4108.864
3283,9008.619,2.351,106.244,0.202,111.005,1.584,1.569,1.515,1.48,1.454,4155.835
3283.125,9006.485,2.363,107.625,0.23,111.031,1.516,1.499,1.451,1.419,1.395,4233.306
3283.625,8912.243,2.355,108.73,0.146,112.205,1.89,1.852,1.785,1.736,1.701,4414.387
3283.75,8940.634,2.343,106.479,0.115,111.849,1.752,1.747,1.689,1.645,1.613,4382.107
3283.875,8975.138,2.334,104.086,0.117,111.419,1.768,1.754,1.696,1.652,1.618,4394.7
3284,9013.491,2.331,102.133,0.111,110.945,1.831,1.794,1.732,1.686,1.65,4397.344
3284.125,9013.491,2.331,102.133,0.111,110.945,1.917,1.864,1.794,1.745,1.705,4397.344
3284.25,9008.968,2.316,102.988,0.083,111.001,1.923,1.898,1.819,1.768,1.726,4384.575
3284.375,8980.739,2.299,107.155,0.04,111.349,1.731,1.729,1.661,1.617,1.581,4364.289
3284.5,8927.934,2.296,111.514,0.068,112.008,1.462,1.461,1.411,1.379,1.352,4323.195
3284.625,8923.887,2.327,113.764,0.117,112.059,1.301,1.289,1.249,1.224,1.202,4297.69
3284.75,8923.887,2.327,113.764,0.117,112.059,1.188,1.143,1.107,1.087,1.07,4297.69
3284.875,8894.336,2.367,113.237,0.21,112.431,1.169,1.121,1.086,1.064,1.048,4126.262
3285,8785.547,2.392,112.332,0.254,113.823,1.149,1.107,1.071,1.049,1.034,4069.9
3285.125,8759.651,2.413,111.409,0.371,114.16,1.131,1.107,1.07,1.048,1.032,4049.244
3285.625,8799.378,2.418,107.662,0.275,113.644,1.319,1.295,1.246,1.212,1.19,3971.24
3285.75,8813.492,2.397,106.927,0.226,113.462,1.392,1.376,1.326,1.29,1.263,3929.492
3285.875,8864.737,2.379,106.193,0.207,112.807,1.463,1.449,1.395,1.358,1.328,3975.113
3286,8954.604,2.364,105.557,0.207,111.674,1.592,1.564,1.503,1.462,1.428,3999.43
3286.125,8965.9,2.358,105.363,0.239,111.534,1.615,1.584,1.523,1.482,1.447,4019.595
3286.25,8965.9,2.358,105.363,0.239,111.534,1.41,1.399,1.354,1.327,1.298,4019.595
3286.375,8962.228,2.365,107.036,0.212,111.579,1.333,1.321,1.283,1.261,1.235,4040.59
3286.5,8978.74,2.38,108.343,0.253,111.374,1.315,1.287,1.251,1.232,1.207,4055.627
3286.625,8976.306,2.396,107.732,0.269,111.404,1.334,1.299,1.262,1.242,1.218,4048.082
3286.75,8968.988,2.408,107.003,0.339,111.495,1.355,1.328,1.286,1.263,1.24,3968.586
3286.875,8968.988,2.408,107.003,0.339,111.495,1.362,1.346,1.302,1.276,1.253,3968.586
3287,8944.92,2.405,106.398,0.33,111.795,1.37,1.358,1.312,1.284,1.262,3957.689
3287.125,8974.534,2.405,106.496,0.35,111.426,1.378,1.359,1.312,1.282,1.261,4005.888
3287.25,8980.015,2.401,109.692,0.316,111.358,1.361,1.336,1.29,1.259,1.239,4034.375
3287.375,8961.119,2.399,112.434,0.288,111.593,1.338,1.316,1.271,1.241,1.22,4045.676
3287.5,8965.442,2.392,111.507,0.263,111.539,1.308,1.284,1.241,1.212,1.192,4061.492
3288.375,8978.789,2.398,96.87,0.24,111.374,1.381,1.374,1.325,1.291,1.265,4138.081
3288.5,8981.659,2.392,96.728,0.243,111.338,1.368,1.35,1.303,1.269,1.244,4123.54
3288.625,8943.008,2.383,98.885,0.251,111.819,1.323,1.293,1.25,1.219,1.196,4122.941
3288.75,8877.053,2.376,101.093,0.258,112.65,1.229,1.203,1.164,1.138,1.117,4121.045
3288.875,8871.178,2.374,103.094,0.261,112.725,1.24,1.214,1.175,1.148,1.126,4108.793
3289,8871.178,2.374,103.094,0.261,112.725,1.296,1.268,1.224,1.194,1.171,4108.793
3289.125,8890.619,2.376,104.736,0.297,112.478,1.388,1.357,1.305,1.27,1.243,4122.928
3289.25,8914.237,2.369,106.321,0.338,112.18,1.529,1.502,1.438,1.395,1.362,4172.077
3289.375,8932.399,2.376,108.342,0.357,111.952,1.507,1.488,1.428,1.386,1.353,4232.062
3289.5,8942.312,2.381,110.46,0.279,111.828,1.451,1.442,1.389,1.351,1.321,4269.618
3290.25,8857.647,2.313,101.655,0.15,112.897,1.612,1.611,1.57,1.539,1.508,4393.775
3290.375,8857.647,2.313,101.655,0.15,112.897,1.584,1.583,1.546,1.519,1.489,4393.775
3290.5,8820.605,2.321,103.821,0.15,113.371,1.59,1.582,1.548,1.523,1.493,4398.649
3290.625,8810.348,2.331,106.174,0.207,113.503,1.648,1.622,1.588,1.562,1.531,4384.192
3290.75,8787.199,2.335,108.453,0.198,113.802,1.832,1.81,1.764,1.735,1.698,4377.628
3290.875,8754.459,2.323,110.374,0.143,114.228,1.837,1.815,1.77,1.741,1.704,4389.617
3291,8754.459,2.323,110.374,0.143,114.228,1.794,1.774,1.731,1.705,1.67,4389.617
3291.125,8739.96,2.314,109.695,0.111,114.417,1.743,1.724,1.684,1.661,1.627,4411.622
3291.25,8739.762,2.311,107.476,0.106,114.42,1.692,1.664,1.625,1.605,1.574,4429.023
3291.375,8761.186,2.319,106.114,0.157,114.14,1.676,1.643,1.601,1.581,1.552,4430.273
3291.5,8768.022,2.328,105.508,0.174,114.051,1.717,1.693,1.647,1.623,1.593,4425.066
3292,8852.487,2.331,105.002,0.067,112.963,1.897,1.871,1.798,1.753,1.721,4450.071
3292.125,8892.248,2.333,106.404,0.089,112.457,1.844,1.821,1.749,1.706,1.675,4427.188
3292.25,8844.713,2.33,107.874,0.098,113.062,1.861,1.828,1.748,1.701,1.67,4428.471
3292.375,8816.671,2.331,106.875,0.118,113.422,1.906,1.852,1.767,1.717,1.685,4439.667
3292.5,8816.671,2.331,106.875,0.118,113.422,1.922,1.867,1.778,1.724,1.692,4439.667
3292.625,8813.594,2.339,104.445,0.138,113.461,1.91,1.872,1.78,1.725,1.693,4452.451
3292.75,8827.925,2.355,101.757,0.173,113.277,1.902,1.862,1.767,1.711,1.679,4500.641
3292.875,8850.975,2.36,99.125,0.208,112.982,1.874,1.815,1.724,1.669,1.638,4571.838
3293,8869.564,2.354,97.74,0.199,112.745,1.788,1.733,1.651,1.599,1.57,4628.79
3293.125,8869.564,2.354,97.74,0.199,112.745,1.802,1.755,1.67,1.615,1.584,4628.79
3293.25,8894.803,2.321,97.49,0.134,112.425,2.323,2.223,2.087,1.996,1.948,4647.117
3293.375,8893.506,2.282,97.49,0.064,112.442,2.602,2.473,2.312,2.2,2.141,4627.766
3293.5,8882.667,2.245,97.513,0.032,112.579,2.7,2.62,2.448,2.324,2.255,4594.359
3293.625,8878.566,2.234,97.816,0.019,112.631,2.66,2.689,2.513,2.389,2.313,4539.19
3293.75,8884.04,2.25,98.489,0.059,112.561,2.405,2.418,2.278,2.181,2.114,4459.167
3293.875,8884.04,2.25,98.489,0.059,112.561,2.137,2.126,2.02,1.945,1.889,4459.167
3294,8898.341,2.303,99.216,0.12,112.381,1.87,1.846,1.772,1.716,1.671,4403.603
3294.125,8934.387,2.358,99.929,0.201,111.927,1.686,1.644,1.586,1.543,1.506,4394.494
3294.5,9045.189,2.415,101.399,0.284,110.556,1.702,1.652,1.584,1.54,1.502,4480.498
3294.625,9101.459,2.415,102.124,0.275,109.872,1.724,1.694,1.62,1.573,1.533,4550.889
3294.75,9138.771,2.396,102.879,0.22,109.424,1.792,1.779,1.697,1.642,1.599,4563.87
3294.875,9147.607,2.377,103.943,0.182,109.318,1.85,1.834,1.748,1.689,1.643,4493.009
3295,9155.304,2.367,105.961,0.152,109.226,1.844,1.808,1.727,1.67,1.627,4439.143
3295.125,9165.533,2.371,107.317,0.162,109.104,1.736,1.697,1.628,1.579,1.54,4417.98
3295.25,9165.533,2.371,107.317,0.162,109.104,1.483,1.457,1.409,1.375,1.347,4417.98
3295.375,9158.457,2.386,105.351,0.201,109.189,1.494,1.466,1.418,1.386,1.358,4403.629
3295.5,9161.401,2.393,103.15,0.21,109.154,1.584,1.55,1.496,1.462,1.431,4379.494
3296.125,9200.284,2.402,102.882,0.276,108.692,1.725,1.683,1.62,1.58,1.549,4515.863
3296.25,9188.01,2.389,105.005,0.235,108.838,1.803,1.788,1.715,1.667,1.633,4563.343
3296.375,9159.673,2.364,107.22,0.189,109.174,1.908,1.904,1.82,1.766,1.727,4518.377
3296.5,9170.753,2.349,108.951,0.182,109.042,2.003,1.985,1.892,1.832,1.791,4490.263
3296.625,9170.753,2.349,108.951,0.182,109.042,2.008,1.977,1.883,1.823,1.782,4490.263
3296.75,9113.817,2.357,108.812,0.242,109.724,1.637,1.609,1.544,1.502,1.473,4435.955
3301.375,8946.36,2.371,103.741,0.23,111.777,2.012,1.967,1.9,1.855,1.81,4386.823
3301.5,8946.36,2.371,103.741,0.23,111.777,1.878,1.856,1.796,1.756,1.714,4386.823
3301.625,8951.077,2.384,104.481,0.264,111.718,1.657,1.657,1.61,1.579,1.544,4391.676
3301.75,9024.277,2.387,105.204,0.266,110.812,1.614,1.567,1.523,1.493,1.462,4421.637
3301.875,9070.632,2.388,105.916,0.253,110.246,1.766,1.695,1.644,1.607,1.57,4477.727
3310.875,9559.663,2.062,60.933,-0.417,104.606,59.278,87.792,40.757,37.649,39.017,5709.806
3311,9763.099,2.078,54.552,-0.398,102.426,111.091,217.659,52.284,52.337,52.685,5988.174
3311.125,9891.529,2.097,48.903,-0.366,101.097,140.026,366.966,71.897,74.751,74.284,6304.499
3311.25,9891.529,2.097,48.903,-0.366,101.097,217.581,473.196,159.594,173.702,172.629,6304.499
3311.375,9931.167,2.106,46.667,-0.369,100.693,200.17,337.54,164.773,239.86,224.423,6465.491
3311.5,9974.107,2.102,44.536,-0.365,100.26,111.305,122.994,120.849,303.561,261,6554.635
3311.625,8196.38,2.1,42.567,-0.358,99.967,89.822,118.318,125.73,329.919,284.897,6654.923
3311.75,8279.66,2.142,40.707,-0.302,99.154,91.345,149.146,177.418,428.757,402.539,6767.562
3311.875,8118.4,2.142,40.707,-0.302,99.154,96.89,143.895,177.616,379.333,367.671,6767.562
3312,7527.03,2.238,38.952,-0.181,98.547,94.389,130.46,165.977,316.015,315.499,6889.505
3312.125,7494.63,2.322,37.197,-0.069,97.364,81.494,107.943,140.773,240.899,246.988,7056.406
3312.25,7595.34,2.342,35.45,-0.033,96.697,74.021,104.782,107.103,134.299,138.373,7170.222
3312.375,7513.34,2.263,34.418,-0.122,98.081,82.339,127.612,90.038,94.379,95.556,7142.469
3312.5,7272.65,2.168,40.571,-0.231,101.461,78.151,107.789,68.671,71.391,72.472,6581.484
3314.125,6849.65,2.231,36.447,-0.173,96.447,195.783,417.872,261.382,314.499,333.329,5706.316
3314.25,7350.53,2.244,35.389,-0.171,95.347,139.202,263.474,407.458,491.433,538.302,5992.66
3314.375,8248.74,2.229,34.363,-0.188,93.427,127.846,208.021,428.314,519.697,583.963,6250.035
3314.5,7973,2.226,33.73,-0.206,93.118,145.609,218.883,494.389,605.757,683.064,6439.872
3314.625,8229.05,2.23,34.871,-0.194,94.839,135.432,194.618,465.47,567.598,641.661,6472.71
3315.75,9281.716,2.147,30.126,-0.341,107.739,34.468,44.315,33.814,32.46,36.094,5617.125
3315.875,9622.167,2.164,36.404,-0.315,103.927,20.666,24.511,21.168,20.486,22.367,5503.947
3316,9941.396,2.211,46.022,-0.23,100.59,12.844,14.305,13.068,12.768,13.809,5608.062
3316.125,9941.396,2.211,46.022,-0.23,100.59,7.315,7.587,7.083,7.023,7.533,5608.062
3316.25,9989.671,2.276,56.116,-0.044,100.103,2.549,2.394,2.298,2.298,2.403,5328.028
3316.375,9764.738,2.347,67.618,0.162,102.409,1.878,1.736,1.674,1.663,1.726,4826.753
3316.5,9539.836,2.401,80.098,0.308,104.824,1.747,1.651,1.583,1.562,1.613,4582.365
3316.625,9037.775,2.421,92.803,0.351,110.647,1.624,1.547,1.48,1.455,1.493,4489.515
3316.75,9037.775,2.421,92.803,0.351,110.647,1.439,1.39,1.327,1.295,1.317,4489.515
3316.875,8855.02,2.416,103.816,0.269,112.93,1.382,1.335,1.274,1.242,1.258,4451.402
3317,9003.582,2.412,106.767,0.276,111.067,1.341,1.287,1.23,1.199,1.208,4457.308
3317.125,9056.822,2.411,106.673,0.276,110.414,1.352,1.289,1.231,1.198,1.202,4399.969
3317.25,9048.521,2.409,106.526,0.333,110.515,1.364,1.354,1.292,1.252,1.242,4281.658
3317.375,9054.642,2.405,107.977,0.311,110.441,1.349,1.336,1.278,1.241,1.227,4282.289
3317.5,9054.642,2.405,107.977,0.311,110.441,1.34,1.319,1.265,1.23,1.213,4282.289
3317.625,9075.868,2.397,109.629,0.296,110.182,1.338,1.304,1.253,1.222,1.202,4265.657
3317.75,9135.857,2.391,111.569,0.311,109.459,1.396,1.364,1.315,1.284,1.257,4312.066
3319.125,9507.05,2.417,108.329,0.324,105.185,1.854,1.833,1.781,1.749,1.699,4601.147
3319.25,9488.656,2.428,108.021,0.296,105.389,1.557,1.537,1.497,1.473,1.439,4629.122
3319.375,9471.312,2.437,107.729,0.308,105.582,1.529,1.487,1.444,1.418,1.389,4642.612
3319.5,9471.312,2.437,107.729,0.308,105.582,1.645,1.581,1.527,1.493,1.462,4642.612
3319.625,9473.581,2.424,107.433,0.258,105.557,1.821,1.745,1.673,1.626,1.592,4618.3
3319.75,9555.096,2.411,107.211,0.225,104.656,2.153,2.143,2.018,1.935,1.889,4501.335
3319.875,9667.553,2.402,107.389,0.2,103.439,2.211,2.246,2.101,2.005,1.955,4459.899
3320,9848.345,2.405,107.59,0.219,101.54,2.234,2.283,2.123,2.021,1.967,4507.195
3320.125,9746.931,2.402,107.247,0.244,102.596,2.188,2.194,2.039,1.945,1.891,4575.126
3320.25,9746.931,2.402,107.247,0.244,102.596,1.921,1.831,1.726,1.666,1.624,4575.126
3324.5,9480.596,2.381,92.184,0.215,105.479,2.516,2.403,2.302,2.243,2.191,4912.827
3324.625,9886.122,2.376,90.015,0.196,101.152,2.52,2.403,2.298,2.238,2.178,4950.091
3324.75,-999.25,2.373,88.308,0.207,99.309,2.455,2.421,2.312,2.251,2.178,4981.697
3324.875,9982.949,2.369,86.106,0.195,100.171,2.41,2.402,2.297,2.236,2.165,5009.693
3325,9861.7,2.386,83.459,0.212,101.402,2.418,2.386,2.286,2.226,2.156,5027.778
3325.125,9861.7,2.386,83.459,0.212,101.402,2.446,2.395,2.298,2.236,2.167,5027.778
3325.25,9826.735,2.4,80.801,0.207,101.763,2.544,2.497,2.401,2.333,2.26,5045.342
3325.375,9814.082,2.397,78.215,0.175,101.894,2.574,2.53,2.436,2.365,2.293,5020.706
3325.5,9773.223,2.38,75.627,0.112,102.32,2.566,2.515,2.428,2.357,2.289,4996.323
3325.625,9900.059,2.371,72.97,0.102,101.009,2.565,2.521,2.438,2.366,2.298,4970.765
3325.75,9779.263,2.374,70.772,0.139,102.257,2.651,2.625,2.542,2.464,2.38,4932.022
3325.875,9779.263,2.374,70.772,0.139,102.257,2.789,2.771,2.681,2.596,2.494,4932.022
3326,9729.056,2.371,72.264,0.172,102.785,2.961,2.96,2.857,2.762,2.639,4871.552
3326.125,9683.954,2.368,79.639,0.18,103.264,3.167,3.207,3.083,2.977,2.826,4812.746
3326.25,9496.748,2.369,87.28,0.183,105.299,2.432,2.468,2.386,2.322,2.219,4772.896
3326.375,9492.556,2.394,92.698,0.232,105.346,1.986,2.009,1.953,1.911,1.837,4712.75
3327.75,9328.219,2.428,109.916,0.316,107.202,1.384,1.36,1.296,1.252,1.227,4161.5
3327.875,9328.219,2.428,109.916,0.316,107.202,1.395,1.363,1.302,1.257,1.23,4161.5
3328,9332.973,2.436,111.138,0.322,107.147,1.403,1.367,1.308,1.264,1.236,4155.345
3328.125,9315.688,2.447,112.323,0.356,107.346,1.404,1.375,1.317,1.275,1.244,4207.113
3328.25,9308.829,2.453,113.528,0.366,107.425,1.406,1.38,1.323,1.287,1.253,4262.836
3328.375,9249.761,2.456,114.658,0.379,108.111,1.4,1.37,1.315,1.283,1.247,4268.657
3328.5,9229.579,2.454,114.757,0.392,108.347,1.416,1.386,1.33,1.298,1.262,4314.416
3328.625,9229.579,2.454,114.757,0.392,108.347,1.439,1.41,1.352,1.319,1.284,4314.416
3328.75,9249.025,2.446,114.176,0.372,108.119,1.477,1.445,1.386,1.351,1.318,4406.783
3328.875,9273.117,2.433,113.48,0.366,107.839,1.478,1.445,1.388,1.352,1.321,4464.641
3329,9300.924,2.432,112.795,0.34,107.516,1.478,1.449,1.392,1.357,1.327,4508.485
3329.125,9342.512,2.431,112.323,0.351,107.038,1.505,1.479,1.42,1.383,1.354,4544.934
3343.625,9483.45,2.174,33.993,-0.243,94.746,71.968,82.757,107.917,129.95,120.793,6651.961
3343.75,9194.39,2.192,33.011,-0.211,94.751,66.092,90.559,116.745,147.279,135.111,6667.845
3343.875,8988.52,2.192,33.011,-0.211,94.751,67.879,95.387,120.582,151.955,139.543,6667.845
3344,9447.55,2.215,30.967,-0.187,94.491,69.944,93.033,115.624,146.63,134.456,6676.619
3344.125,9927.84,2.218,28.901,-0.199,94.69,71.416,79.75,97.427,126.506,115.17,6676.797
3344.25,9984.36,2.199,28.954,-0.23,95.052,63.064,78.343,91.922,114.565,105.581,6658.21
3344.375,9807.15,2.175,29.301,-0.268,95.576,65.409,82.763,95.48,116.138,108.39,6625.504
3345.875,9553.87,2.182,31.726,-0.27,97.333,106.706,109.987,111.426,123.947,122.049,6540.984
3346,9564.64,2.182,31.726,-0.27,97.333,107.372,114.59,116.777,129.491,127.452,6540.984
3346.125,9691.5,2.183,32.429,-0.258,96.242,105.762,123.091,126.233,138.984,136.932,6498.845
3346.25,9953.46,2.189,33.184,-0.239,94.345,101.171,127.028,131.348,141.041,139.722,6521.353
3346.375,10228.3,2.199,33.927,-0.233,93.115,67.882,74.192,78.671,85.795,84.905,6576.909
3346.5,10069.95,2.205,34.511,-0.215,92.588,72.625,68.889,73.681,80.249,79.531,6620.206
3346.625,9687.14,2.205,34.511,-0.215,92.588,86.927,83.226,87.964,94.486,93.737,6620.206
3346.75,9300.41,2.22,34.296,-0.196,92.27,67.374,75.816,79.132,84.145,83.453,6664.81
3346.875,8912.02,2.23,31.46,-0.178,91.919,53.96,59.135,62.363,67.023,66.3,6715.353
3347,8841.13,2.234,29.552,-0.187,91.795,83.868,80.294,84.612,91.193,89.975,6769.898
3347.125,8921.05,2.227,29.804,-0.198,92.738,105.138,102.563,106.924,114.333,112.742,6787.102
3347.25,9048.06,2.233,30.188,-0.199,93.591,85.324,106.22,109.702,117.497,115.2,6771.146
3347.5,9322.53,2.243,30.459,-0.175,94.393,74.359,81.202,83.617,90.036,88.171,6724.709
3347.625,9686.67,2.252,30.011,-0.153,95.133,71.717,74.871,76.906,82.767,81.197,6683.103
3347.75,9704.73,2.248,28.628,-0.145,95.91,70.953,70.899,72.372,77.618,76.322,6652.701
3347.875,9459.51,2.235,27.25,-0.16,96.434,74.939,75.864,77.193,82.742,81.447,6615.979
3350.625,9226.6,2.235,33.448,-0.152,93.899,50.817,60.275,62.836,65.454,64.635,6500.234
3350.75,9013.83,2.228,33.405,-0.173,94.447,46.207,49.955,52.803,55.424,54.741,6350.291
3350.875,8712.24,2.228,33.405,-0.173,94.447,47.714,49.095,52.242,55.053,54.184,6350.291
3351,8453.24,2.217,33.033,-0.187,95.67,49.257,50.676,54.177,57.291,56.046,6338.803
3351.125,8107.71,2.198,32.646,-0.21,95.561,48.749,54.761,58.605,62.157,60.231,6325.586
3351.5,7999.94,2.201,31.899,-0.21,93.909,48.709,52.028,53.42,56.157,53.195,6144.967
3351.625,7964.92,2.216,31.667,-0.192,92.7,40.242,46.57,47.167,49.235,46.555,6072.11
3351.75,7836.57,2.222,32.551,-0.178,91.89,35.332,38.853,37.226,37.776,35.909,6059.075
3351.875,7598.68,2.218,33.602,-0.179,91.434,33.709,38.834,35.179,34.806,33.276,6159.96
3352,7272.19,2.215,36.389,-0.19,93.31,32.886,36.284,31.633,30.896,29.464,6226.569
3129.125,8751.907,2.364,108.977,0.389,114.261,1.548,1.514,1.508,1.502,1.481,4195.817
3129.25,8859.46,2.355,107.642,0.389,112.874,1.645,1.616,1.608,1.602,1.587,4231.717
3129.375,8989.814,2.352,105.83,0.339,111.237,1.838,1.834,1.817,1.808,1.804,4280.884
3129.5,9159.48,2.357,104.709,0.268,109.176,1.886,1.883,1.863,1.856,1.862,4345.123
3129.625,9393.041,2.371,103.375,0.25,106.462,1.842,1.841,1.822,1.816,1.836,4436.908
3129.75,9393.041,2.371,103.375,0.25,106.462,1.842,1.841,1.822,1.816,1.836,4436.908
3129.875,9677.02,2.387,99.703,0.245,103.338,1.845,1.819,1.798,1.795,1.822,4552.579
3130,9958.295,2.401,94.442,0.24,100.419,1.991,1.875,1.855,1.851,1.883,4637.78
3130.125,9925.164,2.41,91.094,0.207,100.754,2.53,2.393,2.351,2.353,2.412,4723.15
3323.375,9567.483,2.173,39.094,-0.32,104.521,319.645,214.894,218.956,224.801,223.892,5697.564
3323.5,9558.219,2.179,38.192,-0.311,104.622,149.724,278.042,276.283,278.816,280.467,5787.489
3323.625,9729.235,2.179,36.221,-0.308,102.783,81.236,177.489,177.757,186.311,180.169,5851.943
3323.75,9729.235,2.179,36.221,-0.308,102.783,81.236,177.489,177.757,186.311,180.169,5851.943
3323.875,9597.076,2.186,36.29,-0.294,104.198,73.19,111.466,117.52,124.774,120.028,5943.024
3324,9584.107,2.194,34.898,-0.284,104.339,92.071,94.393,100.989,107.453,103.005,6003.453
3324.125,9556.228,2.185,36.878,-0.303,104.644,135.185,94.059,104.518,110.731,105.64,6059.254
3324.25,9628.855,2.166,39.612,-0.331,103.854,161.378,103.023,123.243,128.262,121.779,6050.76
3324.375,9628.855,2.166,39.612,-0.331,103.854,161.378,103.023,123.243,128.262,121.779,6050.76
3324.5,9593.025,2.146,40.03,-0.362,104.242,131.184,127.086,162.58,166.725,157.514,5999.333
3324.625,9601.426,2.145,39.592,-0.366,104.151,96.374,191.297,213.951,218.527,215.91,5951.198
3193.25,9100.101,1.964,52.737,-999.25,109.889,25.785,27.333,25.573,24.177,21.303,5259.363
3193.375,8668.493,1.946,52.737,-999.25,115.36,18.047,18.431,17.52,16.973,15.737,5187.508
3193.5,8452.143,1.977,56.201,-999.25,118.313,13.06,12.889,12.345,12.017,11.352,5161.424
3193.625,8586.352,2.088,66.077,-999.25,116.464,8.388,9.173,8.798,8.556,8.021,5157.021
3193.75,8586.352,2.088,66.077,-999.25,116.464,8.388,9.173,8.798,8.556,8.021,5157.021
3195.625,9717.823,2.407,66.176,-999.25,102.904,3.882,3.461,3.2,3.034,2.93,4901.605
3195.75,9717.823,2.407,66.176,-999.25,102.904,3.882,3.461,3.2,3.034,2.93,4901.605
3195.875,9858.307,2.4,58.438,-999.25,101.437,4.567,4.861,4.427,4.141,3.977,4830.328
3196,9944.213,2.397,56.402,-999.25,100.561,4.346,4.995,4.482,4.138,3.953,5138.868
3196.875,9818.534,2.436,77.961,-999.25,101.848,1.877,1.882,1.777,1.7,1.653,4512.122
3197,9581.931,2.441,89.385,-999.25,104.363,1.448,1.463,1.4,1.355,1.324,4484.679
3197.125,9649.026,2.443,93.127,-999.25,103.637,1.365,1.295,1.245,1.21,1.184,4430.115
3197.25,9649.026,2.443,93.127,-999.25,103.637,1.365,1.295,1.245,1.21,1.184,4430.115
3197.375,9525.152,2.439,99.264,-999.25,104.985,1.319,1.26,1.213,1.179,1.154,4246.773
3197.5,9260.623,2.434,97.126,-999.25,107.984,1.268,1.239,1.193,1.161,1.135,4422.767
3197.625,9012.216,2.426,101.402,-999.25,110.961,1.238,1.216,1.171,1.141,1.115,4244.223
3197.75,8754.176,2.418,97.737,-999.25,114.231,1.22,1.196,1.152,1.123,1.096,4221.271
3200.375,9789.994,2.495,78.474,-999.25,102.145,1.509,1.454,1.408,1.383,1.36,4729.465
3200.5,9631.322,2.471,78.735,-999.25,103.828,1.475,1.432,1.386,1.361,1.339,4723.014
3200.625,9631.322,2.471,78.735,-999.25,103.828,1.475,1.432,1.386,1.361,1.339,4723.014
3200.75,9311.316,2.425,79.278,-999.25,107.396,1.514,1.489,1.437,1.408,1.384,4849.428
3200.875,9085.441,2.393,86.272,-999.25,110.066,1.411,1.387,1.341,1.315,1.295,4442.119
3201,8889.742,2.398,92.842,-999.25,112.489,1.294,1.287,1.246,1.224,1.206,4423.043
3201.125,8758.93,2.393,94.099,-999.25,114.169,1.194,1.184,1.148,1.129,1.114,4340.636
3201.25,8532.277,2.392,96.652,-999.25,117.202,1.102,1.069,1.039,1.023,1.01,3962.254
3202,8362.966,2.375,100.919,-999.25,120.211,0.998,0.984,0.954,0.939,0.927,3628.823
3202.125,8318.72,2.375,104.424,-999.25,120.211,0.985,0.968,0.938,0.923,0.911,3681.03
3202.25,8325.951,2.379,95.524,-999.25,120.106,1.016,0.994,0.962,0.945,0.933,3627.503
3202.375,8354.966,2.383,93.425,-999.25,119.689,1.042,1.021,0.986,0.968,0.954,3522.072
3202.5,8250.675,2.375,89.207,-999.25,121.202,1.042,1.025,0.988,0.97,0.956,3600.897
3202.625,8210.221,2.356,90.275,-999.25,121.799,1.028,1.01,0.974,0.956,0.942,3723.042
3202.75,8210.221,2.356,90.275,-999.25,121.799,1.028,1.01,0.974,0.956,0.942,3723.042
3202.875,8236.73,2.349,89.215,-999.25,121.407,1.004,0.974,0.939,0.922,0.909,3664.931
3203,8198.246,2.346,90.483,-999.25,121.977,0.983,0.952,0.918,0.901,0.889,3759.16
3203.125,8214.504,2.345,94.989,-999.25,121.736,0.97,0.948,0.913,0.896,0.883,3843.11
3203.25,8193.296,2.345,96.385,-999.25,122.051,0.986,0.958,0.922,0.904,0.891,3732.18
3203.375,8252.97,2.353,94.988,-999.25,121.169,1.004,0.976,0.937,0.919,0.905,3790.338
3203.5,8252.97,2.353,94.988,-999.25,121.169,1.004,0.976,0.937,0.919,0.905,3790.338
3203.625,8387.896,2.367,93.359,-999.25,119.219,0.992,0.971,0.932,0.913,0.9,3735.607
3203.75,8210.578,2.388,87.963,-999.25,121.794,0.961,0.941,0.903,0.885,0.872,3735.734
3203.875,8285.91,2.394,89.999,-999.25,120.687,0.926,0.902,0.866,0.849,0.838,3737.524
3204,8248.109,2.393,87.479,-999.25,121.24,0.866,0.84,0.809,0.794,0.783,3687.167
3204.125,8248.109,2.393,87.479,-999.25,121.24,0.866,0.84,0.809,0.794,0.783,3687.167
3204.25,8156.727,2.372,88.932,-999.25,122.598,0.852,0.83,0.799,0.784,0.773,3749.62
3204.375,8158.557,2.361,87.822,-999.25,122.571,0.898,0.873,0.838,0.822,0.81,3755.838
3204.5,8193.746,2.355,90.34,-999.25,122.044,0.91,0.892,0.855,0.837,0.825,3715.218
3204.625,8175.779,2.364,94.049,-999.25,122.312,0.894,0.878,0.842,0.824,0.813,3708.39
3204.75,8228.448,2.365,94.447,-999.25,121.53,0.889,0.865,0.83,0.813,0.802,3771.383
3204.875,8228.448,2.365,94.447,-999.25,121.53,0.889,0.865,0.83,0.813,0.802,3771.383
3205,8274.721,2.403,90.995,-999.25,120.85,0.946,0.904,0.866,0.846,0.834,3692.652
3205.125,8408.159,2.451,84.892,-999.25,118.932,1.054,1.019,0.968,0.943,0.927,3617.221
3205.25,8474.03,2.541,81.354,-999.25,118.008,1.136,1.131,1.068,1.037,1.018,3754.209
3205.375,8625.664,2.567,80.577,-999.25,115.933,1.131,1.103,1.044,1.014,0.996,3768.63
3205.5,8625.664,2.567,80.577,-999.25,115.933,1.131,1.103,1.044,1.014,0.996,3768.63
3205.625,8627.682,2.555,82.74,-999.25,115.906,1.072,1.04,0.988,0.962,0.946,3819.367
3205.75,8706.979,2.524,89.332,-999.25,114.85,1.014,0.981,0.939,0.917,0.903,3898.848
3205.875,8457.032,2.467,95.575,-999.25,118.245,0.982,0.944,0.906,0.886,0.873,3979.571
3206,8453.986,2.422,94.938,-999.25,118.287,0.998,0.973,0.934,0.912,0.899,3943.494
3206.125,8450.321,2.373,93.207,-999.25,118.339,1.077,1.038,0.994,0.969,0.954,3956.125
3206.25,8450.321,2.373,93.207,-999.25,118.339,1.077,1.038,0.994,0.969,0.954,3956.125
3206.375,8606.459,2.369,89.973,-999.25,116.192,1.11,1.066,1.022,0.997,0.982,3846.21
3206.5,8771.245,2.374,92.748,-999.25,114.009,1.065,1.043,1.005,0.982,0.967,3768.981
3206.625,9033.424,2.383,89.185,-999.25,110.7,1.072,1.067,1.029,1.006,0.991,4225.816
3206.75,8872.548,2.418,84.196,-999.25,112.707,1.258,1.25,1.2,1.169,1.149,4410.498
3207.25,9277.324,2.393,85.664,-999.25,107.79,1.505,1.55,1.489,1.449,1.42,4641.67
3207.375,9158.633,2.363,89.771,-999.25,109.187,1.358,1.365,1.324,1.295,1.271,4576.236
3207.5,9361.525,2.359,92.545,-999.25,106.82,1.38,1.337,1.301,1.275,1.252,4787.942
3207.625,9361.525,2.359,92.545,-999.25,106.82,1.38,1.337,1.301,1.275,1.252,4787.942
3207.75,9667.234,2.393,88.341,-999.25,103.442,1.517,1.441,1.403,1.375,1.349,4935.486
3207.875,9896.424,2.424,86.131,-999.25,101.047,1.643,1.659,1.611,1.576,1.543,4878.084
2971.875,8806.957,2.035,34.268,-0.313,113.547,115.087,146.482,130.762,150.977,138.024,5242.189
2972,8908.798,2.04,35.104,-0.293,112.249,110.859,140.961,127.257,146.048,134.177,5279.803
2972.125,8995.961,2.047,36.339,-0.304,111.161,107.19,140.815,127.686,146.53,134.796,5360.752
2972.25,9074.105,2.058,36.38,-0.318,110.204,165.773,193.417,170.506,202.29,182.959,5418.674
2972.375,9104.931,2.061,34.934,-0.318,109.831,225.919,243.098,209.803,254.075,226.775,5465.586
2972.5,9112.265,2.058,33.805,-0.325,109.742,255.342,285.276,248.464,297.134,270.95,5535.597
2972.625,9112.265,2.056,33.805,-0.328,109.742,266.579,311.479,273.661,324.779,300.318,5535.597
2972.75,9133.463,2.06,34.209,-0.325,109.488,192.986,239.229,218.842,257.293,237.855,5541.917
2972.875,9158.75,2.063,34.208,-0.324,109.185,143.591,171.136,163.952,189.938,174.621,5533.636
2973,9169.265,2.065,32.529,-0.325,109.06,132.538,139.73,136.454,156.46,144.827,5516.146
2973.125,9112.473,2.064,30.431,-0.324,109.74,148.204,150.946,149.314,171.705,159.423,5490.885
2973.25,9040.872,2.055,30.436,-0.329,110.609,189.6,216.867,215.332,250.85,232.28,5433.808
2973.375,9040.872,2.051,30.436,-0.334,110.609,206.041,252.083,249.914,291.489,269.04,5433.808
2973.5,8988.829,2.049,31.754,-0.329,111.249,222.307,283.867,281.849,328.017,302.305,5375.13
2973.625,8944.472,2.047,32.097,-0.33,111.801,241.608,308.858,309.631,357.417,330.347,5277.546
2973.75,8939.458,2.05,32.373,-0.334,111.864,274.936,342.873,350.109,396.217,370.878,5265.181
2973.875,8935.672,2.054,32.036,-0.339,111.911,267.453,345.529,355.353,399.959,376.815,5388.686
2974,8935.672,2.059,32.036,-0.333,111.911,259.077,348.013,360.59,404.818,382.454,5388.686
2974.125,9003.031,2.065,32.368,-0.329,111.074,253.494,341.773,357.059,400.992,378.89,5441.466
2974.25,9152.849,2.087,31.606,-0.306,109.256,269.689,252.509,270.95,309.057,289.483,5494.657
2974.375,9279.528,2.099,31.667,-0.289,107.764,260.961,242.076,261.296,297.366,278.534,5545.143
2974.5,9365.654,2.114,31.259,-0.273,106.773,224.763,243.824,263.697,298.426,279.851,5651.505
2974.625,9383.486,2.127,31.066,-0.262,106.57,194.534,234.934,255.573,287.748,270.479,5691.747
2974.75,9383.486,2.149,31.066,-0.237,106.57,158.547,200.862,221.517,247.16,233.149,5691.747
2974.875,9361.148,2.157,30.436,-0.238,106.825,148.468,184.025,204.208,226.975,214.147,5712.458
2975,9323.305,2.161,31.031,-0.239,107.258,139.191,167.419,187.4,207.475,195.816,5721.642
2975.125,9246.845,2.165,31.768,-0.236,108.145,128.834,154.06,172.481,190.217,179.415,5736.873
2975.25,9228.753,2.169,32.072,-0.225,108.357,108.992,134.16,149.662,163.777,154.154,5738.255
2975.375,9228.753,2.171,32.072,-0.222,108.357,136.479,130.568,145.324,158.755,149.006,5738.255
2975.5,9271.828,2.171,31.164,-0.213,107.854,185.077,143.138,159.006,173.707,162.185,5731.152
2975.625,9304.559,2.168,30.545,-0.217,107.474,259.578,177.284,196.737,215.287,199.803,5741.088
2975.75,9355.745,2.153,30.885,-0.238,106.886,264.092,274.593,287.151,303.97,285.861,5714.024
2975.875,9427.621,2.145,31.215,-0.253,106.071,240.565,309.484,318.176,330.988,315.053,5714.547
2976,9458.035,2.136,31.482,-0.251,105.73,229.037,319.527,327.614,338.249,323.311,5722.886
2976.125,9458.035,2.128,31.482,-0.259,105.73,219.999,312.715,321.234,330.911,315.951,5722.886
2976.25,9446.876,2.118,31.846,-0.266,105.855,204.655,270.528,279.253,290.517,272.413,5738.354
2976.375,9390.491,2.114,32.459,-0.262,106.491,203.268,261.746,268.422,279.89,260.576,5602.241
2976.5,9287.483,2.114,32.038,-0.26,107.672,215.997,240.986,245.02,255.544,235.491,5502.941
2976.625,9258.762,2.111,31.622,-0.266,108.006,213.954,228.22,230.068,238.997,219.276,5575.845
2976.75,9258.762,2.102,31.622,-0.276,108.006,161.361,184.69,184.663,189.341,175.174,5575.845
2976.875,9200.919,2.096,32.627,-0.285,108.685,137.102,161.783,162.719,165.768,154.483,5535.413
2977,9104.185,2.089,33.399,-0.294,109.84,121.005,144.284,146.459,148.361,139.042,5439.986
2977.125,9066.06,2.082,33.097,-0.295,110.301,115.166,139.661,142.078,143.696,134.486,5410.348
2977.25,9046.449,2.071,31.35,-0.298,110.541,113.205,132.608,135.317,136.918,127.37,5364.922
2977.375,9024.871,2.069,30.521,-0.297,110.805,111.279,133.134,135.628,137.43,127.202,5328.133
2977.5,9024.871,2.072,30.521,-0.294,110.805,108.949,132.014,134.736,136.988,125.995,5328.133
2977.625,9067.219,2.076,31.091,-0.277,110.287,106.172,129.331,132.583,135.5,123.7,5332.878
2977.75,9208.51,2.082,31.896,-0.276,108.595,100.238,119.754,124.227,129.664,115.474,5415.124
2977.875,9343.323,2.082,33.021,-0.262,107.028,101.959,123.541,128.174,134.633,118.224,5427.818
2978,9271.467,2.079,33.518,-0.256,107.858,107.301,133.255,135.991,138.643,125.404,5431.323
2978.125,9118.488,2.078,33.777,-0.259,109.667,112.943,140.734,141.214,144.171,130.992,5458.515
2978.25,9118.488,2.076,33.777,-0.261,109.667,119.026,137.841,131.725,141.336,127.149,5458.515
2978.375,8951.333,2.078,33.321,-0.26,111.715,114.118,129.254,119.27,129.026,117.977,5421.191
2978.5,8873.603,2.081,32.378,-0.26,112.694,103.502,120.438,106.75,114.004,107.515,5333.985
2978.625,8837.217,2.085,32.155,-0.265,113.158,99.078,116.801,96.157,96.571,99.359,5203.463
2978.75,8915.771,2.094,32.493,-0.262,112.161,93.826,120.286,77.442,62.835,85.88,5171.679
2978.875,8915.771,2.101,32.493,-0.255,112.161,93.218,130.675,67.632,54.671,77.595,5171.679
2979,8826.928,2.106,33.863,-0.257,113.29,92.233,133.137,58.975,49.52,69.946,5163.078
2979.125,8700.032,2.111,36.214,-0.243,114.942,90.327,120.931,52.444,47.807,63.776,5204.999
2979.25,8594.927,2.117,41.388,-0.239,116.348,47.9,54.937,40.67,37.265,39.964,5177.474
2980.375,7893.844,2.333,92.786,0.22,126.681,2.078,1.931,1.851,1.841,1.819,3709.514
2980.5,8038.281,2.356,98.15,0.301,124.405,1.389,1.374,1.33,1.324,1.313,3591.87
2980.625,8170.315,2.362,98.404,0.358,122.394,1.257,1.316,1.273,1.264,1.254,3473.667
2980.75,8200.882,2.366,97.34,0.34,121.938,1.198,1.196,1.156,1.145,1.134,3492.126
2980.875,8166.012,2.37,97.009,0.364,122.459,1.18,1.12,1.084,1.072,1.062,3545.914
2981,8166.012,2.371,97.009,0.365,122.459,1.148,1.067,1.032,1.021,1.011,3545.914
2981.125,8109.445,2.37,99.382,0.322,123.313,1.108,1.034,1,0.987,0.978,3529.051
2981.25,8091.499,2.363,101.771,0.293,123.587,1.085,1.058,1.019,1.004,0.993,3617.984
2981.375,8145.113,2.358,102.83,0.289,122.773,1.096,1.076,1.034,1.017,1.006,3654.921
2981.5,8228.414,2.356,102.758,0.32,121.53,1.114,1.093,1.047,1.028,1.016,3658.731
2981.625,8228.414,2.354,102.758,0.317,121.53,1.132,1.108,1.059,1.037,1.025,3658.731
2981.75,8293.366,2.346,101.43,0.353,120.578,1.15,1.116,1.065,1.042,1.028,3670.862
2988.125,7754.294,2.019,83.358,-0.242,128.961,6.009,5.719,5.197,4.959,4.863,4658.552
2988.25,7719.153,2.045,85.432,-0.201,129.548,7.116,7.162,6.427,6.09,5.951,4620.303
2988.375,7721.99,2.059,88.306,-0.193,129.5,7.693,7.767,6.999,6.635,6.481,4548.68
2988.5,7756.567,2.077,90.859,-0.163,128.923,6.487,6.255,5.739,5.49,5.367,4378.667
2988.625,7756.567,2.099,90.859,-0.139,128.923,5.116,4.698,4.418,4.279,4.188,4378.667
2988.75,7811.725,2.145,91.157,-0.075,128.013,3.547,3.341,3.233,3.175,3.118,4501.321
2988.875,7888.009,2.158,87.768,-0.034,126.775,3.572,3.468,3.363,3.303,3.241,4553.817
2989,7954.621,2.16,82.988,-0.066,125.713,3.95,3.947,3.818,3.743,3.663,4684.674
2989.125,7981.84,2.136,82.109,-0.101,125.284,4.493,4.524,4.363,4.263,4.162,4669.275
2989.25,7958.127,2.062,83.366,-0.208,125.658,6.573,6.886,6.596,6.377,6.179,4546.095
3374.125,9069.349,2.03,48.886,-0.321,110.261,40.821,42.364,32.131,29.748,33.188,5248.068
3374.25,9180.267,2.053,49.731,-0.282,108.929,30.087,32.755,25.928,23.639,25.745,5245.665
3374.375,9079.584,2.053,49.248,-0.269,110.137,31.916,35.666,26.919,23.108,24.993,5232.701
3374.5,9079.584,2.046,49.248,-0.277,110.137,32.411,35.41,26.311,21.529,23.26,5232.701
3374.625,8830.95,2.034,48.716,-0.297,113.238,31.832,32.94,24.624,19.251,20.854,5179.337
3374.75,8527.142,2.02,48.983,-0.306,117.273,27.14,28.512,22.528,15.908,16.863,5098.121
3374.875,8392.909,2.027,52.438,-0.291,119.148,25.583,28.002,22.234,14.983,15.712,4990.386
3375,8374.845,2.075,64.606,-0.217,119.405,18.235,19.265,16.27,12.633,12.705,4893.438
3375.75,8522.766,2.425,97.908,0.409,117.333,1.223,1.125,1.086,1.077,1.044,4075.091
3375.875,8522.766,2.424,97.908,0.408,117.333,1.217,1.153,1.108,1.094,1.063,4075.091
3376,8467.996,2.422,98.096,0.419,118.092,1.219,1.19,1.135,1.116,1.088,4074.832
3376.125,8437.067,2.419,100.299,0.41,118.525,1.232,1.235,1.166,1.145,1.116,3992.686
3376.25,8397.448,2.419,101.998,0.47,119.084,1.242,1.22,1.151,1.118,1.098,3992.684
3376.375,8358.912,2.416,103.889,0.442,119.633,1.203,1.172,1.111,1.08,1.061,4001.807
3376.5,8324.488,2.407,104.781,0.417,120.128,1.153,1.132,1.079,1.049,1.031,4026.462
3376.625,8324.488,2.395,104.781,0.404,120.128,1.112,1.099,1.053,1.023,1.006,4026.462
3376.75,8297.247,2.375,104.214,0.363,120.522,1.109,1.082,1.041,1.009,0.994,4017.594
3376.875,8289.832,2.374,103.005,0.347,120.63,1.12,1.095,1.054,1.023,1.006,4020.191
3377,8299.905,2.38,101.392,0.439,120.483,1.13,1.103,1.062,1.033,1.014,4011.729
3377.125,8333.424,2.387,101.755,0.43,119.999,1.138,1.113,1.071,1.044,1.023,4020.665
3377.25,8333.424,2.396,101.755,0.441,119.999,1.153,1.128,1.083,1.06,1.035,4020.665
3377.375,8394.163,2.399,102.058,0.485,119.13,1.154,1.126,1.081,1.059,1.034,4017.242
3377.5,8471.389,2.401,100.846,0.377,118.044,1.153,1.125,1.079,1.058,1.033,3996.814
3377.625,8563.623,2.405,99.199,0.384,116.773,1.179,1.148,1.101,1.078,1.054,4065.52
3377.75,8622.139,2.408,98.763,0.34,115.98,1.269,1.228,1.171,1.144,1.121,4167.443
3377.875,8712.129,2.41,98.672,0.348,114.783,1.279,1.241,1.184,1.156,1.134,4233.987
3378,8712.129,2.411,98.672,0.349,114.783,1.304,1.27,1.212,1.181,1.161,4233.987
3378.125,8825.074,2.412,98.006,0.32,113.313,1.343,1.314,1.252,1.217,1.199,4343.754
3378.25,8868.44,2.409,95.657,0.318,112.759,1.368,1.35,1.288,1.253,1.235,4494.487
3378.375,8825.439,2.407,95.272,0.294,113.309,1.33,1.318,1.26,1.228,1.21,4421.557
3378.5,8812.134,2.409,97.397,0.308,113.48,1.297,1.273,1.222,1.192,1.176,4487.814
3378.625,8812.134,2.408,97.397,0.308,113.48,1.276,1.242,1.194,1.167,1.152,4487.814
3378.75,8820.87,2.398,100.423,0.275,113.368,1.266,1.232,1.185,1.162,1.145,4618.869
3378.875,8814.464,2.393,101.968,0.314,113.45,1.267,1.24,1.191,1.168,1.152,4543.053
3379,8783.733,2.391,100.174,0.301,113.847,1.274,1.25,1.198,1.174,1.159,4512.177
3379.125,8754.353,2.403,99.916,0.354,114.229,1.293,1.266,1.211,1.186,1.171,4470.681
3379.25,8736.127,2.43,100.26,0.398,114.467,1.301,1.268,1.211,1.186,1.172,4426.457
3379.375,8736.127,2.435,100.26,0.404,114.467,1.263,1.226,1.173,1.149,1.136,4426.457
3379.5,8720.494,2.436,99.954,0.399,114.672,1.229,1.189,1.14,1.117,1.106,4348.301
3379.625,8698.466,2.429,99.919,0.384,114.963,1.219,1.183,1.134,1.111,1.1,4254.05
