date,OT,1,2,3,4,5,6
2009/6/29,38,50,84.23,29.75,12.09,500110,24
2009/6/30,38,50,84.23,29.75,12.09,500110,24
2009/7/1,41,50,84.28,32,12.22,547296,24
2009/7/2,41,50,84.29,32.39,12.39,547296,24
2009/7/3,41,50,86.15,32.95,12.09,547296,24
2009/7/4,41,50,84.33,33.34,12.41,547296,24
2009/7/5,41,50,84.36,33.56,12.41,547296,24
2009/7/6,41,50,84.34,33.85,13.01,547296,24
2009/7/7,44,54,83.45,34.64,13.14,587296,23.72
2009/7/8,44,54,83.4,35,12.46,587296,24
2009/7/9,44,54,83.44,35.17,12.46,587296,24
2009/7/10,44,54,83.5,35.16,13.17,587296,24
2009/7/11,44,54,83.53,35.31,12.33,587296,24
2009/7/12,46,54,83.56,35.43,12.33,612531,24
2009/7/13,46,54,83.58,35.6,12.33,612531,24
2009/7/14,46,54,83.57,35.56,12.96,612531,24
2009/7/15,46,54,83.55,35.68,12.96,612531,24
2009/7/16,46,54,83.56,35.72,12.35,612531,24
2009/7/17,49,62,81.21,37.76,13.38,650000,24
2009/7/18,59,62,81.13,38.11,12.47,780000,24
2009/7/19,59,62,81.11,38.14,12.57,780000,24
2009/7/20,59,62,81.19,38.09,12.28,780000,24
2009/7/21,59,62,81.19,37.98,12.6,780000,24
2009/7/22,63,62,81.28,37.9,13.32,758225,23.33
2009/7/23,64,62,81.22,37.91,12.72,767954,24
2009/7/24,61,62,81.24,37.65,12.28,728490,22.77
2009/7/25,64,62,81.13,37.5,12.28,767954,24
2009/7/26,64,62,81.08,37.26,12.19,767954,24
2009/7/27,64,62,81.09,37.16,12.29,767954,24
2009/7/28,64,62,81.05,36.93,12.29,767954,24
2009/7/29,58,58,82,36.1,12.14,703371,24
2009/7/30,58,58,81.94,35.84,12.1,694271,24
2009/7/31,58,58,81.94,35.7,12.06,694271,24
2009/8/1,43,45,81.94,35.7,12.06,518880,24
2009/8/2,37,45,85.5,30.74,11.64,448432,24
2009/8/3,37,45,85.45,30.35,11.65,448432,24
2009/8/4,37,45,85.4,30.12,11.83,448432,24
2009/8/5,37,45,85.4,29.95,11.83,448432,24
2009/8/6,37,45,85.41,29.8,11.86,448432,24
2009/8/7,37,45,85.41,29.6,11.83,448432,24
2009/8/8,37,45,85.4,29.47,11.83,448432,24
2009/8/9,49,53,83.3,32.63,11.93,583447,24
2009/8/10,53,53,83.19,33.14,11.95,640000,24
2009/8/11,53,53,83.19,33.04,11.95,640000,24
2009/8/12,53,53,83.18,32.88,11.95,640000,24
2009/8/13,53,53,83.23,32.75,11.84,640000,24
2009/8/14,53,53,83.22,32.62,11.86,640000,24
2009/8/15,53,53,83.18,32.59,11.88,640000,24
2009/8/16,53,53,83.19,32.47,11.87,640000,24
2009/8/17,53,53,83.17,32.35,11.88,640000,24
2009/8/18,53,53,83.17,31.63,11.87,640000,24
2009/8/19,53,53,83.17,31.07,11.87,640000,24
2009/8/20,53,53,83.17,30.57,11.87,638790,24
2009/8/21,53,53,83.14,30.06,11.87,638790,24
2009/8/22,53,53,83.17,29.55,11.87,638790,24
2009/8/23,53,53,83.15,29.1,11.87,638790,24
2009/8/24,53,53,83.12,28.69,11.88,638790,24
2009/8/25,53,53,83.1,28.22,11.88,638790,24
2009/8/26,53,53,83.11,27.79,11.88,638790,24
2009/8/27,53,53,83.08,27.42,11.87,636151,24
2009/8/28,53,53,83.09,27.08,11.88,636151,24
2009/8/29,53,53,83.07,27.54,11.89,636151,24
2009/8/30,53,53,83.06,28.02,11.89,636151,24
2009/8/31,53,53,83.06,28.38,11.89,636151,24
2009/9/1,53,53,83.04,28.59,11.88,636151,24
2009/9/2,53,53,83.06,28.72,11.89,636151,24
2009/9/3,53,53,83.02,28.76,11.9,636151,24
2009/9/4,53,53,83.01,28.81,11.89,636151,24
2009/9/5,59,60,81.3,30.57,11.86,710000,24
2009/9/6,64,60,81.09,31.69,11.81,771815,24
2009/9/7,64,60,81.05,31.44,11.82,771815,24
2009/9/8,64,60,81.01,31.34,11.84,770660,24
2009/9/9,64,60,81.03,31.32,11.78,770660,24
2009/9/10,64,60,81.01,31.34,11.81,770660,24
2009/9/11,64,60,80.99,31.37,11.82,770660,24
2009/9/12,64,60,81.05,31.36,12,770660,24
2009/9/13,64,60,81,31.38,11.99,770660,24
2009/9/14,67,60,81,31.38,11.99,767814,24
2009/9/15,67,60,80.9,31.4,11.99,767814,24
2009/9/16,67,60,80.87,31.38,12,767814,24
2009/9/17,67,60,80.87,31.4,12.02,767814,24
2009/9/18,67,60,80.91,31.4,12.01,767814,24
2009/9/19,67,60,80.89,31.44,12.01,767814,24
2009/9/20,67,60,80.85,31.45,12.04,767814,24
2009/9/21,67,60,80.8,31.46,12.03,767814,24
2009/9/22,62,60,81.16,31.56,12.04,713287,23.23
2009/9/23,67,60,80.75,31.61,12.12,767814,24
2009/9/24,67,60,80.65,31.57,12.18,767814,24
2009/9/25,67,60,80.56,31.54,12.2,767814,24
2009/9/26,67,60,80.52,31.56,12.23,770739,24
2009/9/27,67,60,80.47,31.56,11.92,770739,24
2009/9/28,67,60,80.46,31.58,12.19,770739,24
2009/9/29,67,60,80.44,31.59,12.12,770739,24
2009/9/30,67,60,80.5,31.58,12.2,768182,24
2009/10/1,67,60,80.48,31.62,12.15,768182,24
2009/10/2,67,60,80.49,31.63,12.16,768182,24
2009/10/3,69,60,80.47,31.63,12.18,795608,24
2009/10/4,69,60,80.45,31.66,12.21,795608,24
2009/10/5,69,60,80.41,31.67,12.21,795608,24
2009/10/6,69,60,80.39,31.69,12.2,795608,24
2009/10/7,69,60,80.35,31.71,12.19,795608,24
2009/10/8,69,60,80.28,31.7,12.17,795608,24
2009/10/9,69,60,80.34,31.73,12.19,795608,24
2009/10/10,69,60,80.27,31.72,12.41,795608,24
2009/10/11,69,60,80.25,31.74,12.41,795608,24
2009/10/12,69,60,80.2,31.78,11.99,795608,24
2009/10/13,69,60,80.18,31.77,12.01,795608,24
2009/10/14,69,60,80.34,31.8,12.05,795608,24
2009/10/15,69,60,80.22,31.8,12.02,795608,24
2009/10/16,69,60,80.17,31.81,12.03,795608,24
2009/10/17,66,60,80.14,31.81,12.04,764700,24
2009/10/18,66,60,80.1,31.81,12.05,764700,24
2009/10/19,66,60,80.07,31.85,12.04,764700,24
2009/10/20,66,60,80,31.85,12.03,764700,24
2009/10/21,66,60,79.92,31.84,12,764700,24
2009/10/22,66,60,79.88,31.86,12.04,764700,24
2009/10/23,66,60,79.8,31.87,12.03,764700,24
2009/10/24,66,60,79.82,31.89,12.03,764700,24
2009/10/25,66,60,79.76,31.89,12.03,764700,24
2009/10/26,66,60,79.66,31.87,12.03,764700,24
2009/10/27,66,60,79.65,31.89,12.03,764700,24
2009/10/28,66,60,79.55,31.88,12.03,764700,24
2009/10/29,66,60,79.63,31.91,11.97,763160,24
2009/10/30,66,60,79.6,31.92,12.04,763160,24
2009/10/31,66,60,79.52,31.91,12.05,763160,24
2009/11/1,66,60,79.53,31.92,12.05,763160,24
2009/11/2,66,60,79.53,31.95,12.01,763160,24
2009/11/3,66,60,79.88,31.46,11.88,763160,24
2009/11/4,66,60,79.82,31.47,12.13,763160,24
2009/11/5,66,60,79.76,31.51,11.87,763160,24
2009/11/6,66,60,79.36,31.92,12.15,763160,24
2009/11/7,66,60,79.47,31.93,12.17,763160,24
2009/11/8,66,60,79.5,31.9,12.12,763160,24
2009/11/9,66,60,79.45,31.9,12.17,763160,24
2009/11/10,65,60,79.39,31.9,12.16,753873,24
2009/11/11,65,60,79.31,31.88,12.15,753873,24
2009/11/12,65,60,79.25,31.89,12.14,753873,24
2009/11/13,65,60,79.22,31.89,12.14,753873,24
2009/11/14,65,60,79.19,31.89,12.16,753873,24
2009/11/15,65,60,79.14,31.9,12.15,750954,24
2009/11/16,65,60,79.05,31.92,12.14,750954,24
2009/11/17,65,60,79.2,31.95,12.14,750954,24
2009/11/18,65,60,79.16,31.92,12.19,750656,24
2009/11/19,65,60,79.04,31.9,12.17,750656,24
2009/11/20,65,60,78.94,31.94,12.17,750656,24
2009/11/21,65,60,78.75,31.93,12.17,750656,24
2009/11/22,65,60,78.93,31.93,12.46,747898,24
2009/11/23,65,60,79.21,31.93,12.15,747898,24
2009/11/24,65,60,79.21,31.93,12.49,747307,24
2009/11/25,65,60,78.82,31.98,12.2,747307,24
2009/11/26,65,60,78.84,31.95,12.19,747307,24
2009/11/27,65,60,78.76,31.95,12.18,747307,24
2009/11/28,65,60,78.69,31.95,12.22,747307,24
2009/11/29,65,60,78.72,31.97,12.18,747307,24
2009/11/30,58,60,78.57,31.95,12.08,664273,21.33
2009/12/1,27,58,79.4,32.66,12.18,309821,9.95
2009/12/2,63,58,79.34,33.42,12.47,730763,24
2009/12/3,63,58,79.21,33.38,12.11,730763,24
2009/12/4,63,58,79.08,32.87,12.14,730763,24
2009/12/5,63,58,79,32.47,12.11,730763,24
2009/12/6,63,58,79.08,32.2,12.16,730763,24
2009/12/7,63,58,78.87,31.96,12.13,730763,24
2009/12/8,63,58,78.8,31.85,12.06,730763,24
2009/12/9,63,58,78.68,31.77,12.05,730763,24
2009/12/10,63,58,78.78,31.74,12.05,730763,24
2009/12/11,63,58,78.62,31.69,12.1,730763,24
2009/12/12,63,58,78.56,31.69,12.12,730763,24
2009/12/13,63,58,78.4,31.68,12.09,730763,24
2009/12/14,63,58,78.61,31.74,12.12,730763,24
2009/12/15,63,58,78.49,31.72,12.12,730763,24
2009/12/16,63,58,78.45,31.73,12.09,730763,24
2009/12/17,63,58,78.48,31.73,12.11,730763,24
2009/12/18,63,58,78.69,31.78,12.12,730763,24
2009/12/19,63,58,78.56,31.76,12.1,730763,24
2009/12/20,63,58,78.43,31.76,12.13,730763,24
2009/12/21,63,58,78.31,31.76,12.12,730763,24
2009/12/22,63,58,78.2,31.76,12.11,730763,24
2009/12/23,63,58,78.22,31.8,12.12,730763,24
2009/12/24,63,58,78.48,31.41,12.1,730763,24
2009/12/25,63,58,78.44,31.46,12.12,730763,24
2009/12/26,63,58,78.68,31.63,12.14,730763,24
2009/12/27,63,58,78.58,31.36,12.12,730763,24
2009/12/28,63,58,78.39,31.35,12.13,730763,24
2009/12/29,63,58,78.6,31.43,12.11,730763,24
2009/12/30,63,58,78.53,31.44,12.13,730763,24
2009/12/31,60,58,78.46,31.44,12.15,705693,24
2010/1/1,60,58,78.35,31.44,12.13,705693,24
2010/1/2,60,58,78.39,31.46,12.09,705693,24
2010/1/3,60,58,78.32,31.46,12.11,705693,24
2010/1/4,60,58,78.3,31.48,12.12,705693,24
2010/1/5,60,58,78.75,31.19,12.11,705693,24
2010/1/6,60,58,78.46,31.21,12.11,705693,24
2010/1/7,60,58,78.27,31.22,12.09,705693,24
2010/1/8,60,58,78.18,31.23,12.1,705693,24
2010/1/9,60,58,78.11,31.26,12.11,705693,24
2010/1/10,59,58,78.41,31.31,12.43,688280,24
2010/1/11,59,58,78.28,31.27,12.11,688280,24
2010/1/12,59,58,78.12,31.23,12.11,688280,24
2010/1/13,59,58,78.05,31.24,12.1,688280,24
2010/1/14,59,58,78.05,31.26,12.1,688280,24
2010/1/15,59,58,77.87,31.26,12.1,688280,24
2010/1/16,59,58,77.79,31.27,12.09,688280,24
2010/1/17,59,58,77.57,31.27,12.08,688280,24
2010/1/18,59,58,77.66,31.3,12.05,688280,24
2010/1/19,59,58,77.62,31.32,12.11,688280,24
2010/1/20,59,58,77.32,31.29,12.1,688280,24
2010/1/21,59,58,77.44,31.31,12.1,688280,24
2010/1/22,59,58,77.76,31.37,12.49,688280,24
2010/1/23,59,58,77.47,31.3,12.08,688280,24
2010/1/24,59,58,77.47,31.31,12.08,688280,24
2010/1/25,59,58,77.61,31.37,12.1,688280,24
2010/1/26,59,58,77.45,31.35,12.09,688280,24
2010/1/27,59,58,77.38,31.34,12.08,688280,24
2010/1/28,59,58,77.17,31.33,12.07,688280,24
2010/1/29,59,58,77.41,31.38,12.1,688280,24
2010/1/30,59,58,77.24,31.36,12.09,688280,24
2010/1/31,59,58,76.98,31.35,12.09,688280,24
2010/2/1,59,58,77.28,31.42,12.1,688280,24
2010/2/2,59,58,77.63,31.51,12.1,688280,24
2010/2/3,59,58,77.33,31.37,12.11,688280,24
2010/2/4,59,58,77.16,31.37,12.1,688280,24
2010/2/5,59,58,76.83,31.34,12.08,688280,24
2010/2/6,59,58,76.53,31.34,12.09,688280,24
2010/2/7,59,58,76.33,31.37,12.08,688280,24
2010/2/8,59,58,76.03,31.37,12.03,688280,24
2010/2/9,59,58,76.26,31.43,12.1,688280,24
2010/2/10,59,58,76.49,31.51,12.1,688280,24
2010/2/11,59,58,76.16,31.4,12.08,688280,24
2010/2/12,59,58,76.21,31.4,12.09,688280,24
2010/2/13,59,58,76.08,31.42,12.09,688280,24
2010/2/14,59,58,76.12,31.44,12.09,688280,24
2010/2/15,59,58,75.77,31.44,12.09,688280,24
2010/2/16,59,58,75.5,31.71,12.11,688280,24
2010/2/17,59,58,75.89,31.44,12.1,688280,24
2010/2/18,59,58,75.53,31.42,12.08,688280,24
2010/2/19,59,58,75.52,31.57,12.08,688280,24
2010/2/20,59,58,75.94,31.65,12.09,688280,24
2010/2/21,59,58,75.48,31.47,12.07,688280,24
2010/2/22,59,58,75.35,31.66,12.08,688280,24
2010/2/23,59,58,75.04,31.55,12.09,688280,24
2010/2/24,59,58,75.12,31.56,12.08,688280,24
2010/2/25,59,58,75.47,31.79,12.08,688280,24
2010/2/26,59,58,75.13,31.53,12.08,688280,24
2010/2/27,59,58,75.13,31.66,12.1,688280,24
2010/2/28,59,58,74.61,31.56,12.06,688280,24
2010/3/1,59,58,74.59,31.63,12.05,688280,24
2010/3/2,59,58,74.77,31.5,12.05,688280,24
2010/3/3,59,58,74.32,31.62,12.07,688280,24
2010/3/4,59,58,73.98,31.56,12.06,688280,24
2010/3/5,59,58,74.06,31.78,12.07,688280,24
2010/3/6,59,58,74.31,31.64,12.09,688280,24
2010/3/7,59,58,74.5,31.66,12.06,688280,24
2010/3/8,59,58,75.03,31.9,12.06,688280,24
2010/3/9,59,58,73.91,31.53,12.06,688280,24
2010/3/10,59,58,74.14,31.81,12.06,688280,24
2010/3/11,59,58,73.91,31.51,12.05,688280,24
2010/3/12,59,58,73.29,31.65,12.05,688280,24
2010/3/13,56,58,74.23,31.88,12.08,663351,24
2010/3/14,56,58,73.42,31.73,12.05,663351,24
2010/3/15,56,58,73.7,31.71,12.06,663351,24
2010/3/16,56,58,72.34,31.73,12,663351,24
2010/3/17,56,58,72.13,31.8,11.98,663351,24
2010/3/18,56,58,72,31.28,11.99,663351,24
2010/3/19,56,58,72.36,31.8,12,663351,24
2010/3/20,56,58,72.66,31.86,12.01,663351,24
2010/3/21,56,58,73.54,32.17,12.02,663351,24
2010/3/22,56,58,72.17,31.78,12,663351,24
2010/3/23,56,58,70.97,31.73,12,663351,24
2010/3/24,55,58,73.53,32.04,12.43,659602,24
2010/3/25,55,58,72.63,31.83,12,659602,24
2010/3/26,55,58,71.55,31.88,12,659602,24
2010/3/27,55,58,72.18,32.06,11.99,659602,24
2010/3/28,55,58,72.26,32.14,11.99,659602,24
2010/3/29,55,58,70.99,31.81,11.97,659602,24
2010/3/30,55,58,71.39,31.88,11.99,659602,24
2010/3/31,55,58,70.9,31.88,11.99,659602,24
2010/4/1,55,58,70.07,31.83,11.97,659602,24
2010/4/2,55,58,70.83,31.76,11.98,698927,24
2010/4/3,55,58,69.46,31.76,11.98,698927,24
2010/4/4,55,58,70.72,31.89,11.99,698927,24
2010/4/5,53,58,69.57,31.66,12.38,651210,24
2010/4/6,53,58,69.7,31.73,11.97,651210,24
2010/4/7,53,58,71.73,32.5,11.99,651210,24
2010/4/8,53,58,69.8,31.64,11.97,651210,24
2010/4/9,53,58,70.33,31.72,11.97,651210,24
2010/4/10,53,58,70.36,31.68,11.98,651210,24
2010/4/11,53,58,68.48,31.64,11.97,651210,24
2010/4/12,53,58,68.48,31.64,11.97,651210,24
2010/4/13,54,58,73.66,31.82,12.01,664568,24
2010/4/14,54,58,72.23,31.71,11.99,664568,24
2010/4/15,54,58,70.46,31.65,11.97,664568,24
2010/4/16,54,58,70.19,31.81,11.96,664568,24
2010/4/17,54,58,68.38,31.69,11.98,664568,24
2010/4/18,54,58,72.18,32.02,12.41,659053,24
2010/4/19,54,58,69.42,31.61,11.91,659053,24
2010/4/20,54,58,67.75,31.61,11.98,659053,24
2010/4/21,54,58,68.38,31.59,11.97,659053,24
2010/4/22,54,58,66.91,31.63,11.97,659053,24
2010/4/23,54,58,67.81,31.77,11.97,659053,24
2010/4/24,54,58,66.37,31.71,11.97,659053,24
2010/4/25,54,58,68.88,31.76,12.28,659053,24
2010/4/26,54,58,66.73,31.59,11.95,659053,24
2010/4/27,55,58,72.25,32.51,12.29,678845,24
2010/4/28,55,58,68.8,31.59,11.98,678845,24
2010/4/29,55,58,66.25,31.5,11.96,678845,24
2010/4/30,55,58,65.42,31.69,11.95,669343,24
2010/5/1,55,58,65.76,31.58,11.95,669343,24
2010/5/2,55,58,64.63,31.75,11.95,669343,24
2010/5/3,55,58,69.96,31.97,12,669343,24
2010/5/4,55,58,68.36,31.79,11.98,669343,24
2010/5/5,55,58,66.68,31.71,11.96,669343,24
2010/5/6,55,58,65.86,31.4,12.31,669343,24
2010/5/7,55,58,67.72,31.9,11.97,669343,24
2010/5/8,55,58,66.55,31.94,11.96,669343,24
2010/5/9,55,58,65.61,31.88,11.95,669343,24
2010/5/10,55,58,70.06,32.17,11.99,669343,24
2010/5/11,55,58,66.3,31.62,12.3,669343,24
2010/5/12,55,58,65.67,31.93,12.3,669343,24
2010/5/13,55,58,68.58,31.8,11.96,669343,24
2010/5/14,55,58,65.29,31.7,11.93,669343,24
2010/5/15,55,58,63.28,31.65,11.92,669343,24
2010/5/16,55,58,65.71,31.71,11.93,669343,24
2010/5/17,55,58,67.92,32.4,11.98,669343,24
2010/5/18,55,58,68.46,31.77,11.97,669343,24
2010/5/19,55,58,65.92,31.82,11.94,669343,24
2010/5/20,55,58,63.54,31.65,11.8,669343,24
2010/5/21,55,58,64.05,31.79,11.91,669343,24
2010/5/22,55,58,64.95,32.11,11.95,669343,24
2010/5/23,55,58,62.93,31.81,11.94,669343,24
2010/5/24,55,58,70.42,33.06,12.01,669343,24
2010/5/25,55,58,65.37,31.72,11.93,669343,24
2010/5/26,55,58,68.68,32.9,11.95,669343,24
2010/5/27,55,58,65.96,32.2,11.93,669343,24
2010/5/28,55,58,62.48,31.59,11.91,669343,24
2010/5/29,55,58,69.14,32.46,12.43,669343,24
2010/5/30,54,58,67.83,32.06,12.47,651274,24
2010/5/31,54,58,64.9,31.81,12.02,651274,24
2010/6/1,54,58,62.25,31.61,11.98,651274,24
2010/6/2,54,58,62.98,31.8,12.01,651274,24
2010/6/3,54,58,61.74,31.8,11.99,651274,24
2010/6/4,54,58,61.37,31.73,12.22,651274,24
2010/6/5,54,58,61.74,31.7,12.21,651274,24
2010/6/6,54,58,64.68,32.47,12.27,651274,24
2010/6/7,54,58,66.37,32.34,12.03,651274,24
2010/6/8,54,58,63.07,31.89,12,651274,24
2010/6/9,54,58,67.61,32.25,12.06,651274,24
2010/6/10,54,58,66.35,31.8,12.02,651274,24
2010/6/11,54,58,62.94,31.82,12,651274,24
2010/6/12,54,58,64.04,32.03,12.01,651274,24
2010/6/13,53,58,61.48,31.78,12.24,635910,24
2010/6/14,53,58,60.68,31.85,11.99,635910,24
2010/6/15,53,58,60.83,31.87,11.99,635910,24
2010/6/16,53,58,62.28,31.8,11.98,635910,24
2010/6/17,53,58,61,31.77,11.96,635910,24
2010/6/18,53,58,70.96,33.04,12.4,635910,24
2010/6/19,53,58,66.32,32.1,12.01,635910,24
2010/6/20,53,58,62.68,31.83,11.95,635910,24
2010/6/21,53,58,60.44,31.79,11.97,635910,24
2010/6/22,53,58,60.2,31.9,11.95,635910,24
2010/6/23,53,58,58.84,31.61,12.3,635910,24
2010/6/24,49,58,58.99,31.8,12.31,572345,24
2010/6/25,49,58,57.88,31.59,12.11,572345,24
2010/6/26,54,58,71.66,32.8,12.49,648681,24
2010/6/27,54,58,67.84,32.15,12.22,648681,24
2010/6/28,54,58,68.98,32.35,12.22,648681,24
2010/6/29,54,58,66.28,32.16,11.99,648681,24
2010/6/30,54,58,64.03,32.17,12.12,648681,24
2010/7/1,54,58,60.07,31.65,12.06,648681,24
2010/7/2,54,58,60.58,32.03,12.07,648681,24
2010/7/3,54,58,57.76,31.46,12.01,648681,24
2010/7/4,54,58,60.06,32.07,12.06,648681,24
2010/7/5,54,58,59.08,31.9,12.07,648681,24
2010/7/6,54,58,56.56,31.39,12.03,648681,24
2010/7/7,54,58,56.85,31.67,12.03,648681,24
2010/7/8,54,58,56.79,31.34,12.23,648681,24
2010/7/9,54,58,60.58,32.43,12.08,648681,24
2010/7/10,54,58,57.82,31.72,12.05,648681,24
2010/7/11,54,58,57.26,31.89,12.04,648681,24
2010/7/12,54,58,57.85,32.01,12.05,648681,24
2010/7/13,54,58,60.17,32.03,12.06,648681,24
2010/7/14,54,58,57.8,31.63,12.09,648681,24
2010/7/15,54,58,57.7,31.2,11.9,648681,24
2010/7/16,54,58,58,32.03,12.12,648681,24
2010/7/17,54,58,58.45,32.2,11.9,648681,24
2010/7/18,54,58,56.27,31.71,12.11,648681,24
2010/7/19,54,58,58.13,32.02,11.89,648681,24
2010/7/20,54,58,57.67,32.07,12.13,648681,24
2010/7/21,54,58,57.51,32.07,11.85,648681,24
2010/7/22,54,58,55.81,31.55,11.82,648681,24
2010/7/23,54,58,57.96,32.13,11.85,648681,24
2010/7/24,54,58,65.39,33.46,11.94,648681,24
2010/7/25,54,58,62.01,32.66,11.9,648681,24
2010/7/26,54,58,59.12,32.25,11.87,648681,24
2010/7/27,54,58,59.19,32.44,11.87,648681,24
2010/7/28,54,58,57.29,32.12,11.84,648681,24
2010/8/4,32,58,64.9,21.92,11.06,387407,14.33
2010/8/5,54,58,58.5,28.27,11.57,658681,24
2010/8/6,54,58,58.59,30.27,11.58,658681,24
2010/8/7,54,58,57.61,30.62,11.69,658681,24
2010/8/8,54,58,58.58,31.49,12.08,658681,24
2010/8/9,54,58,55.5,31,12.08,658681,24
2010/8/10,54,58,58.28,32.01,12.11,658681,24
2010/8/11,54,58,58.63,32.39,12.11,658681,24
2010/8/12,54,58,57.08,31.7,12.14,658681,24
2010/8/13,61,58,77.61,34.35,12.34,738681,24
2010/8/14,65,58,77.12,33.04,12.34,768681,24
2010/8/15,65,58,76.45,32.86,12.35,768681,24
2010/8/16,65,58,75.37,32.77,12.33,768681,24
2010/8/17,65,58,73.83,32.75,12.3,768681,24
2010/8/18,65,58,71.53,32.74,12.28,768681,24
2010/8/19,65,58,68.08,32.62,12.23,768681,24
2010/8/20,65,58,64.62,32.58,12.18,768681,24
2010/8/21,65,58,59.95,32.17,12.11,768681,24
2010/8/22,65,58,57.45,32.2,12.1,768681,24
2010/8/23,58,58,64.7,37.28,12.26,683806,21.35
2010/8/24,65,58,58.56,32.6,12.13,768681,24
2010/8/25,65,58,56.78,32.36,12.13,768681,24
2010/8/26,65,58,57.19,32.68,12.13,768681,24
2010/8/27,76,58,78.13,37.24,12.4,878681,24
2010/8/28,76,58,78,34.19,12.34,878681,24
2010/8/29,73,58,77.87,33.58,12.36,848681,24
2010/8/30,73,58,77.79,33.47,12.34,848681,24
2010/8/31,73,58,77.37,33.41,12.36,848681,24
2010/9/1,73,58,77.05,33.43,12.35,848681,24
2010/9/2,73,58,76.64,33.38,12.3,848681,24
2010/9/3,73,58,76.05,33.41,12.31,848681,24
2010/9/4,73,58,74.92,33.33,12.27,848681,24
2010/9/5,73,58,76.46,33.86,12.35,848681,24
2010/9/6,67,58,73.38,33.29,12.3,788681,24
2010/9/7,62,58,64.62,32.52,12.2,738681,24
2010/9/8,62,58,60.32,32.89,12.14,738681,24
2010/9/9,68,58,78.3,35.47,12.35,818681,24
2010/9/10,68,58,78.11,33.99,12.37,818681,24
2010/9/11,68,58,77.95,33.72,12.37,818681,24
2010/9/12,68,58,77.61,33.7,12.37,818681,24
2010/9/13,68,58,77.16,33.65,12.38,818681,24
2010/9/14,68,58,76.48,33.61,12.36,818681,24
2010/9/15,68,58,75.13,33.62,12.35,818681,24
2010/9/16,61,58,66.59,32.8,12.24,734681,24
2010/9/17,56,58,60.16,33.05,12.15,674681,24
2010/9/18,56,58,58.73,33.14,12.13,674681,24
2010/9/19,56,58,56.01,32.89,12.1,674681,24
2010/9/20,56,58,55.82,33.2,12.12,674681,24
2010/9/21,56,58,55.46,33.12,12.09,674681,24
2010/9/22,58,59,54.68,33.05,12.06,698847,24
2010/9/23,60,59,53.67,33.49,12.16,724681,24
2010/9/24,60,59,54.19,34.06,12.2,724681,24
2010/9/25,60,59,54.04,33.78,12.19,724681,24
2010/9/26,60,59,53.57,33.81,12.18,724681,24
2010/9/27,60,59,54.73,34.1,12.19,724681,24
2010/9/28,60,59,51.93,33.16,12.11,724681,24
2010/9/29,66,59,57.46,34.96,12.18,799681,24
2010/9/30,66,59,56.8,31.4,12.05,799681,24
2010/10/1,64,59,52.97,33.61,12.14,779681,24
2010/10/2,64,59,52.01,33.42,12.12,779681,24
2010/10/3,64,59,52.94,33.72,12.07,779681,24
2010/10/4,64,59,53.92,34.25,12.09,779681,24
2010/10/5,64,59,52.73,33.81,12.08,779681,24
2010/10/6,64,59,52.4,33.89,12.06,779681,24
2010/10/7,64,59,52.2,33.7,12.04,779681,24
2010/10/8,64,59,52.04,33.69,12.05,779681,24
2010/10/9,63,59,50.98,33.34,12.04,769681,24
2010/10/10,35,59,85.65,25.46,0,425975,7.67
2010/10/14,43,59,64.8,18.1,12.19,525634,15.25
2010/10/15,68,59,66.97,31.12,12.24,827227,24
2010/10/16,72,59,68.51,31.55,12.13,877227,24
2010/10/17,70,59,68.49,32.45,12.26,857227,23
2010/10/18,73,59,68.13,31.96,12.26,887227,24
2010/10/19,73,59,68.02,31.84,12.24,887227,24
2010/10/20,75,59,69.83,31.25,12.17,907227,24
2010/10/21,75,59,69.78,31.4,12.19,907227,24
2010/10/22,62,59,69.83,31.46,12.11,751131,18.28
2010/10/23,64,59,78.51,30.91,12.19,771128,18.47
2010/10/24,70,59,78.34,33.86,12.2,849426,23.13
2010/10/25,74,59,78.14,33.64,11.98,886358,24
2010/10/26,74,59,78.17,33.12,11.57,886358,24
2010/10/27,74,59,78.72,32.48,11.51,886358,24
2010/10/28,74,59,78.87,32.27,11.51,886358,24
2010/10/29,74,59,78.66,32.51,11.71,886358,24
2010/10/30,74,59,78.64,32.61,11.74,886358,24
2010/10/31,74,59,78.53,32.68,11.71,886358,24
2010/11/1,74,59,78.5,32.77,11.71,886358,24
2010/11/2,74,59,78.32,32.87,11.36,886358,24
2010/11/3,74,59,78.16,32.96,11.45,886358,24
2010/11/4,74,59,78.09,33.08,11.59,886358,24
2010/11/5,74,59,78.01,33.02,11.56,886358,24
2010/11/6,74,59,77.18,33.67,11.64,886358,24
2010/11/7,74,59,77.44,33.73,11.52,886358,24
2010/11/8,74,59,77.41,33.73,11.64,886358,24
2010/11/9,74,59,77.61,33.83,11.35,886358,24
2010/11/10,74,59,77.58,33.81,11.36,886358,24
2010/11/11,74,59,77.17,34.04,11.47,886358,24
2010/11/12,74,59,77.21,34.17,11.47,886358,24
2010/11/13,74,59,76.97,34.2,11.46,886358,24
2010/11/14,74,59,77.33,34.21,11.44,886358,24
2010/11/15,74,59,77.29,34.23,11.41,886358,24
2010/11/16,74,59,77.58,34.06,11.4,886358,24
2010/11/17,74,59,77.23,34.65,11.57,886358,24
2010/11/18,74,59,76.81,34.56,11.49,886358,24
2010/11/19,74,59,76.97,34.53,11.56,886358,24
2010/11/20,74,59,77.91,33.98,11.61,886358,24
2010/11/21,74,59,77.11,33.66,11.61,886358,24
2010/11/22,72,59,75.07,33.56,11.82,866358,24
2010/11/23,74,59,78.19,33.7,11.89,895658,24
2010/11/24,74,59,77.67,33.92,11.9,895658,24
2010/11/25,74,59,78.12,34.55,11.64,895658,24
2010/11/26,72,59,75.57,34.57,11.95,875658,24
2010/11/27,72,59,76.59,34.67,11.98,875658,24
2010/11/28,72,59,76.78,34.4,11.94,875658,24
2010/11/29,72,59,75.79,34.36,11.97,875658,24
2010/11/30,72,59,76.6,34.84,12,875658,24
2010/12/1,72,59,76.02,34.95,12.01,875658,24
2010/12/2,72,59,75.76,34.86,12,875658,24
2010/12/3,72,59,75.98,34.97,12,875658,24
2010/12/4,72,59,75.06,35.12,12,875658,24
2010/12/5,72,59,74.97,34.81,11.97,875658,24
2010/12/6,72,59,74.97,34.96,11.98,875658,24
2010/12/7,72,59,74.78,34.93,11.96,875658,24
2010/12/8,72,59,75.79,35.06,12,875658,24
2010/12/9,72,59,75.75,34.98,11.98,875658,24
2010/12/10,72,59,75.31,34.39,11.97,875658,24
2010/12/11,72,59,75.02,34.97,11.95,875658,24
2010/12/12,72,59,75.08,34.96,11.96,875658,24
2010/12/13,72,59,75.11,34.89,11.95,875658,24
2010/12/14,72,59,74.91,35.06,11.95,875658,24
2010/12/15,72,59,75.09,34.92,11.94,875658,24
2010/12/16,72,59,73.99,35.02,11.93,875658,24
2010/12/17,72,59,74.04,35.05,11.72,875658,24
2010/12/18,72,59,74.55,35.09,12.14,875658,24
2010/12/19,72,59,74.11,35.07,11.91,875658,24
2010/12/20,72,59,74.16,35.11,11.94,875658,24
2010/12/21,72,59,73.89,35.18,11.9,875658,24
2010/12/22,72,59,74.57,35.23,11.94,875658,24
2010/12/23,74,59,73.2,35.2,11.96,905658,24
2010/12/24,74,59,73.2,35.17,11.95,905658,24
2010/12/25,74,59,75.62,35.21,11.94,905658,24
2010/12/26,74,59,75.62,35.21,11.94,905658,24
2010/12/27,74,59,74.69,35.28,11.91,905658,24
2010/12/28,74,59,73.61,35.3,11.91,905658,24
2010/12/29,74,59,74.74,35.33,11.91,905658,24
2010/12/30,74,59,73.28,35.36,11.89,905658,24
2010/12/31,74,59,73.69,35.39,11.85,905658,24
2011/1/1,74,59,74.37,35.36,11.8,905658,24
2011/1/2,74,59,73.52,35.38,11.86,905658,24
2011/1/3,74,59,72.85,35.39,11.85,905658,24
2011/1/4,74,59,72.78,35.44,11.86,905658,24
2011/1/5,74,59,73.93,35.41,11.83,905658,24
2011/1/6,74,59,71.87,35.39,11.84,905658,24
2011/1/7,74,59,72.5,35.43,12.19,905658,24
2011/1/8,74,59,73.49,35.44,12.2,905658,24
2011/1/9,74,59,74.57,35.45,11.81,905658,24
2011/1/10,74,59,74.55,35.47,11.84,905658,24
2011/1/11,74,59,74.44,35.48,11.82,905658,24
2011/1/12,74,59,72.8,35.48,11.75,905658,24
2011/1/13,74,59,72.8,35.47,11.8,905658,24
2011/1/14,74,59,72.42,35.47,11.78,905658,24
2011/1/15,74,59,72.41,35.49,11.77,905658,24
2011/1/16,74,59,73.81,35.5,11.73,905658,24
2011/1/17,74,59,72.29,35.45,12.1,905658,24
2011/1/18,74,59,72.21,35.55,11.78,905658,24
2011/1/19,59,52,75,33.82,11.51,727324,24
2011/1/20,58,52,74.99,33.86,11.6,705658,24
2011/1/21,54,52,74.91,34.03,11.55,666853,22.08
2011/1/22,58,52,76.36,33.63,11.62,705658,24
2011/1/23,58,52,76.26,33.61,11.59,705658,24
2011/1/24,58,52,76.14,33.61,11.6,705658,24
2011/1/25,58,52,76.09,33.6,11.59,705658,24
2011/1/26,58,52,76.02,33.58,11.58,705658,24
2011/1/27,58,52,75.96,33.61,11.56,705658,24
2011/1/28,58,52,75.95,33.6,11.53,705658,24
2011/1/29,58,52,75.89,33.55,11.52,705658,24
2011/1/30,58,52,75.85,33.56,11.52,705658,24
2011/1/31,58,52,75.79,33.52,11.55,705658,24
2011/2/1,58,52,75.75,33.52,11.54,705658,24
2011/2/2,58,52,75.69,33.49,11.55,705658,24
2011/2/3,58,52,75.65,33.46,11.54,705658,24
2011/2/4,58,52,75.59,33.44,11.55,705658,24
2011/2/5,58,52,75.51,33.45,11.44,705658,24
2011/2/6,58,52,75.45,33.45,11.48,705658,24
2011/2/7,58,52,75.39,33.46,11.51,705658,24
2011/2/8,58,52,75.32,33.44,11.53,705658,24
2011/2/9,51,47,77.16,32.09,11.41,618158,24
2011/2/10,50,47,77.08,32.07,11.4,605658,24
2011/2/11,50,47,77,31.98,11.41,605658,24
2011/2/12,50,47,76.97,31.98,11.41,605658,24
2011/2/13,50,47,76.93,31.93,11.4,605658,24
2011/2/14,50,47,76.89,31.87,11.4,605658,24
2011/2/15,50,47,76.84,31.84,11.41,605658,24
2011/2/16,50,47,76.82,31.86,11.41,605658,24
2011/2/17,50,47,76.81,31.86,11.42,605658,24
2011/2/18,50,47,76.8,31.82,11.4,605658,24
2011/2/19,50,47,76.82,31.83,11.4,605658,24
2011/2/20,50,47,76.75,31.78,11.38,605658,24
2011/2/21,50,47,76.73,31.79,11.38,605658,24
2011/2/22,50,47,76.71,31.82,11.39,605658,24
2011/2/23,50,47,76.66,31.82,11.38,605658,24
2011/2/24,50,47,76.62,31.88,11.37,605658,24
2011/2/25,50,47,76.55,31.82,11.36,605658,24
2011/2/26,50,47,76.52,31.91,11.38,605658,24
2011/2/27,50,47,76.47,31.89,11.36,605658,24
2011/2/28,50,47,76.43,31.85,11.38,605658,24
2011/3/1,50,47,76.37,31.88,11.38,605658,24
2011/3/2,50,47,76.31,31.9,11.37,605658,24
2011/3/3,50,47,76.32,31.84,11.37,605658,24
2011/3/4,50,47,76.23,31.82,11.37,605658,24
2011/3/5,50,47,76.17,31.81,11.37,605658,24
2011/3/6,50,47,76.1,31.79,11.35,605658,24
2011/3/7,50,47,75.88,31.79,11.36,605658,24
2011/3/8,50,47,75.84,31.73,11.35,605658,24
2011/3/9,50,47,75.52,31.73,11.35,605658,24
2011/3/10,50,47,75.68,31.72,11.3,605658,24
2011/3/11,50,47,75.82,31.72,11.32,605658,24
2011/3/12,50,47,75.15,31.68,11.29,605658,24
2011/3/13,50,47,75.41,31.53,11.31,605658,24
2011/3/14,50,47,75.07,31.66,11.32,605658,24
2011/3/15,50,47,75.75,31.74,11.31,605658,24
2011/3/16,50,47,75.66,31.66,11.3,605658,24
2011/3/17,50,47,75.17,31.6,11.34,605658,24
2011/3/18,50,47,75.23,31.67,11.32,605658,24
2011/3/19,50,47,74.99,31.66,11.34,605658,24
2011/3/20,51,47,76.43,33.16,11.37,620658,24
2011/3/21,51,47,76.43,31.95,11.39,620658,24
2011/3/22,51,47,76.28,31.95,11.38,620658,24
2011/3/23,51,47,75.62,31.93,11.35,620658,24
2011/3/24,51,47,76.04,31.93,11.35,620658,24
2011/3/25,51,47,75.31,31.93,11.35,620658,24
2011/3/26,51,47,74.65,31.96,11.33,620658,24
2011/3/27,51,47,75.31,31.94,11.28,620658,24
2011/3/28,51,47,75.02,31.95,11.32,620658,24
2011/3/29,51,47,74.77,31.95,11.3,620658,24
2011/3/30,51,47,74.53,31.96,11.36,620658,24
2011/3/31,51,47,74.16,31.98,11.34,620658,24
2011/4/1,51,47,73.86,31.98,11.32,620658,24
2011/4/2,51,47,73.64,32,11.33,620658,24
2011/4/3,51,47,73.46,32.03,11.35,620658,24
2011/4/4,51,47,72.95,31.95,11.35,620658,24
2011/4/5,51,47,72.61,31.95,11.33,620658,24
2011/4/6,51,47,72.61,31.95,11.33,620658,24
2011/4/7,48,47,69.02,31.95,11.33,590658,24
2011/4/8,48,47,70.27,31.99,11.36,590658,24
2011/4/9,48,47,73.13,32.47,11.34,590658,24
2011/4/10,48,47,72.29,31.98,11.34,590658,24
2011/4/11,48,47,70.61,31.84,11.34,590658,24
2011/4/12,48,47,70.75,32.17,11.34,590658,24
2011/4/13,49,47,71.73,32.24,11.34,600658,24
2011/4/14,48,47,70.4,31.93,11.5,590658,24
2011/4/15,48,47,69.56,31.91,11.49,590658,24
2011/4/16,48,47,70.29,32.24,11.36,590658,24
2011/4/17,49,47,71.13,32.05,11.37,600658,24
2011/4/18,48,47,70.07,31.94,11.33,590658,24
2011/4/19,47,47,68.98,31.89,11.35,580658,24
2011/4/20,47,47,69.11,31.95,11.34,580658,24
2011/4/21,46,47,68.4,31.9,11.35,570658,24
2011/4/22,46,47,67.8,31.88,11.34,565658,24
2011/4/23,45,47,66.59,31.64,11.44,555658,24
2011/4/24,47,47,69.15,32,11.34,575658,24
2011/4/25,46,47,68.21,31.68,11.32,565658,24
2011/4/26,47,47,67,32.24,11.38,575658,24
2011/4/27,47,47,67.85,32.45,11.37,575658,24
2011/4/28,46,47,65.93,31.83,11.46,565658,24
2011/4/29,46,47,66.51,31.99,11.34,565658,24
2011/4/30,46,47,66.28,32.2,11.46,565658,24
2011/5/1,45,47,64.95,31.77,11.43,555658,24
2011/5/2,47,47,69.7,33.05,11.45,575658,24
2011/5/3,47,47,67.23,32.03,11.44,575658,24
2011/5/4,45,47,65.05,31.9,11.41,555658,24
2011/5/5,46,47,65.94,32.04,11.44,565658,24
2011/5/6,46,47,66.22,32.25,11.44,565658,24
2011/5/7,45,47,64.5,31.9,11.38,555658,24
2011/5/8,45,47,63.68,31.94,11.4,555658,24
2011/5/9,47,47,70.44,33.14,11.44,585658,24
2011/5/10,48,47,69.79,32.29,11.4,595658,24
2011/5/11,47,47,67.45,32.06,11.43,585658,24
2011/5/12,46,47,65.81,31.96,11.44,575658,24
2011/5/13,47,48,64.59,31.98,11.43,585658,24
2011/5/14,49,48,67.06,32.44,11.45,605658,24
2011/5/15,48,48,64.88,31.99,11.42,595658,24
2011/5/16,45,48,63.51,31.92,11.29,565658,24
2011/5/17,45,48,62.49,31.81,11.42,565658,24
2011/5/18,50,48,65.09,32.28,11.51,544419,24
2011/5/19,50,48,64.2,32.14,11.41,544419,24
2011/5/20,51,48,66.66,32.42,11.45,554419,24
2011/5/21,50,48,63.87,31.84,11.41,544419,24
2011/5/22,49,48,62.85,31.95,11.41,534419,24
2011/5/23,51,48,66.08,32.38,11.44,554419,24
2011/5/24,51,48,64.66,32.1,11.45,554419,24
2011/5/25,52,48,66,32.41,11.45,564419,24
2011/5/26,51,48,64.77,32.18,11.29,554419,24
2011/5/27,51,48,64.64,32.24,11.43,554419,24
2011/5/28,51,48,64.69,32.65,11.42,554419,24
2011/5/29,51,48,63.92,32.37,11.45,554419,24
2011/5/30,51,48,63.59,32.13,11.4,554419,24
2011/5/31,51,48,62.72,32.09,11.4,554419,24
2011/6/1,51,48,62.8,31.81,11.39,554419,24
2011/6/2,51,48,61.42,31.78,11.37,554419,24
2011/6/3,50,48,59.84,31.39,11.32,544419,24
2011/6/4,52,48,63.31,32.21,11.37,564419,24
2011/6/5,51,48,61.37,31.52,11.22,554419,24
2011/6/6,56,50,60.39,32.45,11.43,604419,24
2011/6/7,55,50,59.25,32.4,11.44,594419,24
2011/6/8,56,50,62,33.12,11.44,604419,24
2011/6/9,57,50,63.36,32.01,11.42,614419,24
2011/6/10,57,50,62.61,32.57,11.43,614419,24
2011/6/11,50,50,61.3,32.42,11.54,547718,24
2011/6/12,50,50,61.33,32.61,11.58,547719,24
2011/6/13,49,50,59.99,32.2,11.45,537719,24
2011/6/14,50,50,62.39,32.32,11.48,547719,24
2011/6/15,48,50,59.44,31.53,11.44,527719,24
2011/6/16,47,50,58.84,32.07,11.43,517719,24
2011/6/17,47,50,59.67,31.97,11.28,517719,24
2011/6/18,46,50,57.2,31.41,11.43,507719,24
2011/6/19,47,50,57.96,32.01,11.42,517719,24
2011/6/20,54,53,68.27,35.46,11.58,594291,24
2011/6/21,55,53,68.27,35.46,11.58,604291,24
2011/6/22,57,53,57.76,32.85,11.55,624291,24
2011/6/28,43,53,66.72,21.75,11.7,470819,18.35
2011/6/29,61,53,65.95,30.67,11.45,624291,24
2011/6/30,60,53,64.36,31.51,11.43,614291,24
2011/7/1,59,53,62.28,31.95,11.42,604291,24
2011/7/2,59,53,61.38,31.99,11.43,604291,24
2011/7/3,61,53,58.26,31.83,11.41,628291,24
2011/7/4,61,53,57.7,32.39,11.38,628291,24
2011/7/5,62,53,56.06,32.15,11.35,638291,24
2011/7/6,62,53,58,32.87,11.38,638291,24
2011/7/7,64,53,61.2,33.36,11.41,658291,24
2011/7/8,65,53,58.19,32.68,11.36,668291,24
2011/7/9,65,53,57.2,32.97,11.38,668291,24
2011/7/10,67,53,61.21,34.47,11.44,688291,24
2011/7/11,58,53,62.3,33.95,11.64,636385,24
2011/7/12,58,53,61.41,32.83,11.57,641538,24
2011/7/13,60,53,59.18,33.31,11.59,661538,24
2011/7/14,59,53,57.93,32.99,11.5,651538,24
2011/7/15,61,53,57.93,32.99,11.5,671538,24
2011/7/16,63,53,55.97,32.55,11.36,691538,24
2011/7/17,64,53,59.07,32.88,11.33,701538,24
2011/7/18,65,53,62,33.65,11.4,711538,24
2011/7/19,61,53,56.79,33.04,11.35,671538,24
2011/7/20,62,53,59.68,33.43,11.43,681538,24
2011/7/21,60,53,55.1,32.74,11.34,661538,24
2011/7/22,60,53,54.94,32.9,11.35,661538,24
2011/7/23,61,53,56.61,33.73,11.38,671538,24
2011/7/24,62,53,55.4,33.08,11.35,681538,24
2011/7/25,62,53,54.61,32.83,11.36,681538,24
2011/7/26,62,53,54.3,32.83,11.34,681538,24
2011/7/27,64,53,58.7,34.11,11.32,701538,24
2011/7/28,62,53,54.23,32.7,11.34,681538,24
2011/7/29,64,53,59.58,32.42,11.29,701538,24
2011/7/30,62,53,54.73,32.16,11.33,681538,24
2011/7/31,61,53,53.37,32.65,11.4,671538,24
2011/8/1,61,53,55.3,32.4,11.43,671538,24
2011/8/2,61,53,54.94,32.79,11.33,671538,24
2011/8/3,61,53,54.93,33.08,11.34,671538,24
2011/8/4,61,53,54.51,32.7,11.57,671538,24
2011/8/5,61,53,52.14,32.42,11.44,671538,24
2011/8/6,61,53,54.94,33.23,11.48,671538,24
2011/8/7,61,53,50.45,31.93,11.42,671538,24
2011/8/8,61,53,64.69,34.67,11.56,671538,24
2011/8/9,61,53,67.16,33.42,11.52,671538,24
2011/8/10,61,53,62.35,33.02,11.74,671538,24
2011/8/11,61,53,59.07,33.45,11.53,671538,24
2011/8/12,61,53,62.7,34.64,11.56,671538,24
2011/8/13,61,53,59.56,33.53,11.63,671538,24
2011/8/14,55,53,57.71,33.7,11.7,623927,24
2011/8/15,55,53,54.7,32.92,11.55,623927,24
2011/8/16,55,53,64.51,34.95,11.65,623927,24
2011/8/17,55,53,55.23,32.31,11.5,623927,24
2011/8/18,65,53,69.92,36.41,11.74,723927,24
2011/8/19,65,53,69.99,34.68,11.76,723927,24
2011/8/20,58,53,65.73,34.08,11.79,694120,24
2011/8/21,58,53,63.12,34.44,11.78,694120,24
2011/8/22,58,53,64.63,34.51,11.75,694120,24
2011/8/23,58,53,58.07,33.31,11.65,694120,24
2011/8/24,60,53,72,34.73,11.91,733720,24
2011/8/25,60,53,72.16,33.94,11.75,733720,24
2011/8/26,60,53,71.2,33.75,11.79,733720,24
2011/8/27,60,53,68.77,33.47,11.8,733720,24
2011/8/28,60,53,65.17,33.27,11.75,733720,24
2011/8/29,60,53,61.18,33.11,11.68,733720,24
2011/8/30,60,53,58.2,32.81,11.66,733720,24
2011/8/31,60,53,62.61,33.65,11.69,733720,24
2011/9/1,60,53,63.53,33.69,11.71,733720,24
2011/9/2,60,53,59.36,33.27,11.7,733720,24
2011/9/3,60,53,58.22,33.23,11.7,733720,24
2011/9/4,60,53,57.02,33.13,11.59,733720,24
2011/9/5,60,53,53.46,31.98,11.62,733720,24
2011/9/6,60,53,59.92,33.63,11.77,733720,24
2011/9/7,60,53,57.37,33.02,11.76,733720,24
2011/9/8,60,53,56.52,33.14,11.72,733720,24
2011/9/9,60,53,55.85,32.84,11.73,733720,24
2011/9/10,60,53,57.14,33.48,11.82,733720,24
2011/9/11,60,53,54.39,32.97,11.74,733720,24
2011/9/12,46,53,48.35,32.27,11.74,563635,24
2011/9/13,48,53,49.2,32.41,11.73,583635,24
2011/9/14,52,53,52.71,33.11,11.78,633635,24
2011/9/15,60,53,72.94,34.97,12,733635,24
2011/9/16,60,53,73.04,34.54,12.02,733635,24
2011/9/17,60,53,72.33,34.24,12.01,733635,24
2011/9/18,60,53,71.96,34.22,12.01,733635,24
2011/9/19,60,53,71.18,34.08,11.98,733635,24
2011/9/20,60,53,69.83,33.98,12,733635,24
2011/9/21,60,53,67.71,33.88,11.98,733635,24
2011/9/22,60,53,65.55,33.88,11.93,733635,24
2011/9/23,60,53,63.73,33.84,11.85,733635,24
2011/9/24,60,53,60.23,33.84,11.85,733635,24
2011/9/25,60,53,63.01,34.21,11.9,733635,24
2011/9/26,60,53,60.44,33.43,11.87,733635,24
2011/9/27,60,53,55.4,33.18,11.87,733635,24
2011/9/28,60,53,52.49,33.11,11.79,733635,24
2011/9/29,49,53,52.07,32.95,11.81,605348,24
2011/9/30,60,53,52.9,32.78,11.84,745181,24
2011/10/1,58,53,61.64,33.67,11.92,723994,24
2011/10/2,58,53,57.59,32.93,11.84,723994,24
2011/10/3,58,53,57.76,34.04,11.82,723994,24
2011/10/4,58,53,50.45,32.42,11.72,723994,24
2011/10/5,58,53,54.01,32.17,11.73,723994,24
2011/10/6,58,53,69.25,36.21,12.05,723994,24
2011/10/7,58,53,63.9,33.79,12,723994,24
2011/10/8,58,53,53.07,31.32,11.75,723994,24
2011/10/9,58,53,53.85,33.08,11.88,723994,24
2011/10/10,58,53,49.47,32.12,11.72,723994,24
2011/10/11,66,53,69.15,35.05,12.02,823994,24
2011/10/12,66,53,68.13,34.5,12.01,823994,24
2011/10/13,66,53,66.56,34.28,12.01,823994,24
2011/10/14,66,53,61.93,33.76,11.92,823994,24
2011/10/15,58,53,52.72,32.3,11.76,723995,24
2011/10/16,58,53,50.07,32.42,11.76,723995,24
2011/10/17,58,53,50.09,32.69,11.78,723995,24
2011/10/18,58,53,50.4,32.58,11.79,723995,24
2011/10/19,58,53,50.74,32.83,11.78,723995,24
2011/10/20,58,53,50.9,32.8,11.78,723995,24
2011/10/21,65,53,63.74,34.5,12.02,793995,24
2011/10/22,62,53,59.4,33.82,11.92,753995,24
2011/10/23,61,53,55.79,33.56,11.87,743995,24
2011/10/24,59,53,51.48,32.72,11.83,713995,24
2011/10/25,59,53,48.61,32.12,11.81,713995,24
2011/10/26,59,53,48.09,31.99,11.77,713995,24
2011/10/27,59,53,48.87,32.04,11.76,713995,24
2011/10/28,59,53,49.46,32.68,11.77,713995,24
2011/10/29,59,53,47.5,31.95,11.72,713995,24
2011/10/30,59,53,48.96,32.01,11.75,713995,24
2011/10/31,59,53,49.29,32.46,11.75,713995,24
2011/11/1,59,53,48.59,32.29,11.72,713995,24
2011/11/2,59,53,45.79,32.16,11.73,713995,24
2011/11/3,59,53,47.43,31.98,11.79,713995,24
2011/11/4,46,53,46.03,31.05,11.75,561598,24
2011/11/5,45,53,44.48,30.6,11.67,552478,24
2011/11/6,45,53,42.4,29.98,11.69,552478,24
2011/11/7,48,53,61.99,34.83,11.97,585000,24
2011/11/8,45,53,53.77,32.54,11.79,550000,24
2011/11/9,45,53,52.57,33.01,11.84,550000,24
2011/11/10,45,53,52.73,33.41,11.92,550000,24
2011/11/11,45,53,49.95,32.18,11.81,550000,24
2011/11/12,45,53,46.99,31.78,11.75,550000,24
2011/11/13,45,53,46.22,31.53,11.71,550000,24
2011/11/14,45,53,46.8,31.42,11.75,550000,24
2011/11/15,43,53,44.08,30.7,11.71,530000,24
2011/11/16,45,53,46.08,31.49,11.72,550000,24
2011/11/17,44,53,43.61,30.42,11.72,540000,24
2011/11/18,44,53,42.35,30.03,11.69,540000,24
2011/11/19,46,53,47.82,32.03,11.78,560000,24
2011/11/20,46,53,48.46,32.44,11.78,560000,24
2011/11/21,46,53,46.52,31.65,11.78,560000,24
2011/11/22,46,53,46.47,31.31,11.77,560000,24
2011/11/23,46,53,46.59,31.85,11.77,560000,24
2011/11/24,47,53,45.2,31.17,11.79,572387,24
2011/11/25,49,53,48.93,32.6,11.71,592387,24
2011/11/26,49,53,46.26,31.39,11.73,592387,24
2011/11/27,49,53,45.96,31.89,11.73,592387,24
2011/11/28,49,53,47.02,31.89,11.73,592387,24
2011/11/29,49,53,45.72,31.16,11.69,592387,24
2011/11/30,49,53,44.99,30.79,11.66,592387,24
2011/12/1,49,53,45.03,31.06,11.68,592387,24
2011/12/2,49,53,44.72,30.85,11.71,592387,24
2011/12/3,49,53,44.62,30.77,11.61,592387,24
2011/12/4,49,53,43.97,30.55,11.64,592387,24
2011/12/5,49,53,43.21,30.25,11.65,592387,24
2011/12/6,49,53,43.39,30.8,11.69,592387,24
2011/12/7,44,53,44.03,30.34,11.76,536252,24
2011/12/8,44,53,44.85,30.22,11.7,536252,24
2011/12/9,44,53,42.66,30.24,11.76,539279,24
2011/12/10,44,53,43.18,30.2,11.66,539279,24
2011/12/11,48,53,56.22,33.26,11.88,579279,24
2011/12/12,48,53,68.11,34.91,12.05,579279,24
2011/12/13,64,53,66.83,34.51,12.19,772101,24
2011/12/14,63,53,65.2,34.37,12.14,757613,24
2011/12/15,58,44,69.69,33.18,11.65,693654,24
2011/12/16,55,44,68.91,31.29,11.67,657613,24
2011/12/17,55,44,68.67,31.26,11.69,657613,24
2011/12/18,55,44,67.29,31.01,11.68,657613,24
2011/12/19,55,44,67.18,31.41,11.67,657613,24
2011/12/20,55,44,64.07,30.64,11.68,657613,24
2011/12/21,55,44,62.42,30.52,11.62,657613,24
2011/12/22,50,44,58.79,30.11,11.56,607613,24
2011/12/23,50,44,57.67,30.12,11.61,607613,24
2011/12/24,41,44,53.68,29.17,11.55,499707,24
2011/12/25,43,44,56.15,30.14,11.58,519707,24
2011/12/26,43,44,54.16,29.14,11.55,519707,24
2011/12/27,43,44,54.24,29.5,11.57,519707,24
2011/12/28,43,44,54.14,29.5,11.53,519707,24
2011/12/29,48,44,64.07,31.24,11.67,569707,24
2011/12/30,48,44,66.68,31.15,11.65,569707,24
2011/12/31,48,44,65.22,30.81,11.64,569707,24
2012/1/1,52,44,62.69,30.46,11.72,616772,24
2012/1/2,50,44,59.67,30.02,11.6,596772,24
2012/1/3,50,44,58.85,30.3,11.59,596772,24
2012/1/4,53,44,68.89,31.44,11.69,626772,24
2012/1/5,53,44,67.93,31.15,11.65,626772,24
2012/1/6,53,44,63.99,30.28,11.65,626772,24
2012/1/7,54,44,70.89,31.6,11.69,636772,24
2012/1/8,54,44,70.35,31.19,11.71,636772,24
2012/1/9,54,44,69.41,30.93,11.71,636772,24
2012/1/10,55,44,69.82,30.91,11.73,645752,24
2012/1/11,55,44,69.82,30.91,11.73,645752,24
2012/1/12,53,44,66.29,30.54,11.59,625752,24
2012/1/13,53,44,61.57,29.41,11.62,625752,24
2012/1/14,53,44,60.14,29.72,11.57,625752,24
2012/1/15,53,44,59.67,29.74,11.58,625752,24
2012/1/16,53,44,57.27,29.46,11.58,625752,24
2012/1/17,53,44,54.61,28.76,11.55,625752,24
2012/1/18,51,44,50.63,27.62,11.51,605752,24
2012/1/19,51,44,49.76,27.82,11.49,605752,24
2012/1/20,51,44,48.73,27.39,11.48,605752,24
2012/1/21,51,44,51.38,28.19,11.15,605752,24
2012/1/22,49,44,52.42,28.6,11.52,585752,24
2012/1/23,46,44,49.2,27.78,11.48,555752,24
