date,OT,1,2,3,4,5,6,7
2011/8/31,17.27,4,24,1.73,9.1,13.2,26.5,11.3
2011/9/1,23.63,5,24,2.37,9.1,9.9,21.4,0.4
2011/9/2,23.63,5,24,2.37,9.1,9.9,20.4,0.4
2011/9/3,25.64,5,24,0.36,1.4,9.8,20.4,0.4
2011/9/4,24.62,5,24,0.38,1.5,9.8,20.4,0.4
2011/9/5,26.59,5,24,0.41,1.5,9.8,20.3,0.4
2011/9/6,26.59,5,24,0.41,1.5,9.8,20.4,0.4
2011/9/7,17.17,5,24,9.83,36.4,9.8,20.4,0.4
2011/9/8,16.77,5,24,10.23,37.9,9.8,20.3,0.4
2011/9/9,17.17,5,24,11.83,40.8,9.8,20.2,0.4
2011/9/10,14.66,5,24,11.34,43.6,8.8,20.2,0.4
2011/9/11,12.47,4,23.83,10.53,45.8,9,23,0.4
2011/9/12,9.99,4,24,9.01,47.4,10.8,24.5,0.4
2011/9/13,9.99,4,24,9.01,47.4,10.8,24.2,0.4
2011/9/14,11.73,4,24,10.27,46.7,10.8,24.2,0.4
2011/9/15,11.42,4,24,10.58,48.1,11,24,0.4
2011/9/16,10.34,4,24,9.66,48.3,10.8,24,0.4
2011/9/17,12.12,4,24,10.88,47.3,10.8,24,0.4
2011/9/18,11.68,4,24,11.32,49.2,10.8,24,0.4
2011/9/19,12.1,4,24,10.9,47.4,10.8,24,0.4
2011/9/20,11.59,4,24,11.41,49.6,10.8,24,0.4
2011/9/21,11.4,4,24,10.6,48.2,10.8,24,0.4
2011/9/22,11.13,4,24,9.87,47,10.4,24.2,0.3
2011/9/23,11.91,4,24,11.09,48.2,10.4,24.2,0.3
2011/9/24,11.59,4,24,10.41,47.3,10.4,24.2,0.3
2011/9/25,11.02,4,24,9.98,47.5,10.4,24.3,0.3
2011/9/26,12.49,4,24,10.51,45.7,10.4,24.3,0.3
2011/9/27,11.09,4,24,9.91,47.2,10.4,24.2,0.3
2011/9/28,11.55,4,24,10.45,47.5,10.4,24.2,0.3
2011/9/29,11.92,4,24,10.08,45.8,10.5,24.1,0.3
2011/9/30,11.91,4,24,11.09,48.2,10.2,24.2,0.3
2011/10/1,11.55,4,24,10.45,47.5,10.2,24.2,0.3
2011/10/2,11.02,4,24,9.98,47.5,10,24.1,0.3
2011/10/3,12.19,4,24,10.81,47,10.2,24.2,0.3
2011/10/4,11.05,4,24,9.95,47.4,10.2,24.2,0.3
2011/10/5,11.15,4,24,9.85,46.9,10.2,24.2,0.3
2011/10/6,11.05,4,24,9.95,47.4,10.2,24.2,0.3
2011/10/7,11.24,4,24,10.76,48.9,10,24.6,0.2
2011/10/8,10.92,4,24,10.08,48,10.2,24.6,0.2
2011/10/9,10.73,4,24,10.27,48.9,10,24.7,0.2
2011/10/10,11.35,4,24,10.65,48.4,10.1,24.7,0.2
2011/10/11,10.33,4,24,10.67,50.8,10,24.7,0.3
2011/10/12,9.74,4,24,11.26,53.6,10,24.8,0.3
2011/10/13,10.16,4,24,10.84,51.6,10,24.8,0.2
2011/10/14,10.79,4,23.67,12.21,53.1,10,25,0.2
2011/10/15,10.74,4,24,11.26,51.2,10,24.5,0.3
2011/10/16,11.04,4,24,10.96,49.8,10,24.5,0.3
2011/10/17,10.54,4,24,10.46,49.8,10,24.5,0.3
2011/10/18,10.54,4,24,10.46,49.8,10,24.8,3
2011/10/19,10.54,4,24,10.46,49.8,10,24.8,3
2011/10/20,10.1,4,24,10.9,51.9,10,24.8,0.2
2011/10/21,10.63,4,24,11.37,51.7,9.9,24.8,0.2
2011/10/22,10.82,4,24,11.18,50.8,9.9,24.8,0.3
2011/10/23,10.29,4,24,10.71,51,9.9,24.8,0.3
2011/10/24,10.58,4,24,11.42,51.9,9.9,24.8,0.3
2011/10/25,10.6,4,24,11.4,51.8,9.8,24.8,0.2
2011/10/26,10.67,4,24,11.33,51.5,9.8,24.8,0.2
2011/10/27,10.12,4,24,10.88,51.8,9.8,24.8,0.2
2011/10/28,10.31,4,24,10.69,50.9,9.8,24.9,0.2
2011/10/29,10.63,4,24,11.37,51.7,9.8,24.9,0.2
2011/10/30,10.16,4,24,10.84,51.6,9.8,24.9,0.2
2011/10/31,10.08,4,24,10.92,52,9.8,24.8,0.2
2011/11/1,10.6,4,24,11.4,51.8,9.7,24.8,0.3
2011/11/2,10.63,4,24,11.37,51.7,9.7,24.8,0.3
2011/11/3,9.54,4,24,10.46,52.3,9.7,24.8,0.3
2011/11/4,10.18,4,24,10.82,51.5,9.7,24.8,0.3
2011/11/5,10.6,4,24,11.4,51.8,9.7,24.8,0.3
2011/11/6,10.56,4,24,11.44,52,9.8,24.9,0.3
2011/11/7,9.29,4,24,9.71,51.1,9.8,24.9,0.3
2011/11/8,11.32,4,24,11.68,50.8,9.7,24.9,0.3
2011/11/9,10.71,4,24,11.29,51.3,9.7,24.9,0.3
2011/11/10,10.12,4,24,10.88,51.8,9.7,24.9,0.3
2011/11/11,9.12,4,24,9.88,52,9.8,24.9,0.3
2011/11/12,10.14,4,24,10.86,51.7,9.8,24.9,0.2
2011/11/13,10.54,4,24,11.46,52.1,9.6,24.9,0.2
2011/11/14,10.18,4,24,10.82,51.5,9.6,24.9,0.2
2011/11/15,9.64,4,24,10.36,51.8,9.8,24.7,0.2
2011/11/16,10.41,4,24,11.59,52.7,9.7,25,0.2
2011/11/17,9.48,4,24,10.52,52.6,9.7,25,0.2
2011/11/18,9.97,4,24,11.03,52.5,9.3,25,0.2
2011/11/19,9.42,4,24,10.58,52.9,9.7,25,0.2
2011/11/20,10.83,4,24,12.17,52.9,9.7,25,0.2
2011/11/21,9.97,4,24,11.03,52.5,9.8,25,0.2
2011/11/22,10.83,4,24,12.17,52.9,9.8,25.1,0.2
2011/11/23,10.38,4,24,11.62,52.8,9.7,25.1,0.2
2011/11/24,9.87,4,24,11.13,53,9.7,25,0.2
2011/11/25,10.83,4,24,12.17,52.9,9.7,25,0.2
2011/11/26,10.32,4,24,11.68,53.1,9.4,24.6,0.2
2011/11/27,9.87,4,24,11.13,53,9.7,24.7,0.2
2011/11/28,10.38,4,24,11.62,52.8,9.5,24.8,0.2
2011/11/29,9.81,4,24,11.19,53.3,9.6,24.9,0.3
2011/11/30,10.21,4,24,11.79,53.6,9.5,24.9,0.2
2011/12/1,10.72,4,24,12.28,53.4,9.6,25,0.2
2011/12/2,9.62,4,24,11.38,54.2,9.4,25,0.2
2011/12/3,9.51,4,24,11.49,54.7,9.6,25,0.2
2011/12/4,10.35,4,24,12.65,55,9.6,25,0.2
2011/12/5,9.81,4,24,12.19,55.4,9.6,25,0.2
2011/12/6,9.79,4,24,12.21,55.5,9.4,25,0.2
2011/12/7,9.43,4,24,11.57,55.1,9.5,25.1,0.3
2011/12/8,9.39,4,24,11.61,55.3,9.5,25.1,0.2
2011/12/9,9.45,4,24,11.55,55,9.5,25.1,0.3
2011/12/10,9.24,4,24,11.76,56,9.5,25.1,0.2
2011/12/11,9.09,4,24,11.91,56.7,9.5,25.1,0.2
2011/12/12,9.03,4,24,11.97,57,9.5,25.1,0.3
2011/12/13,9.39,4,24,12.61,57.3,9.5,25.1,0.2
2011/12/14,9.03,4,24,11.97,57,9.5,25.1,0.2
2011/12/15,9.48,4,24,12.52,56.9,9.5,25.1,0.2
2011/12/16,9.37,4,24,12.63,57.4,9.5,25.1,0.2
2011/12/17,9.16,4,24,11.84,56.4,9.4,25.2,0.3
2011/12/18,9.2,4,24,11.8,56.2,9.4,25.2,0.3
2011/12/19,8.68,4,24,11.32,56.6,9.4,25.2,0.3
2011/12/20,9.24,4,24,11.76,56,9.4,25.2,0.2
2011/12/21,9.07,4,24,11.93,56.8,9.4,25.2,0.2
2011/12/22,9.01,4,24,11.99,57.1,9.4,25.2,0.2
2011/12/23,8.92,4,23.75,12.08,57.5,9.4,25.2,0.2
2011/12/24,8.84,4,24,12.16,57.9,9.2,24.8,0.2
2011/12/25,8.97,4,24,12.03,57.3,9.3,25,0.3
2011/12/26,8.84,4,24,12.16,57.9,9.3,25,0.2
2011/12/27,9.17,4,24,12.83,58.3,9.3,25,0.2
2011/12/28,8.69,4,24,12.31,58.6,9.3,25.1,0.2
2011/12/29,8.74,4,24,12.26,58.4,9.3,25.1,0.2
2011/12/30,8.3,4,24,11.7,58.5,9.3,25.1,0.2
2011/12/31,8.71,4,24,12.29,58.5,9.3,25.1,0.2
2012/1/1,8.63,4,24,12.37,58.9,9.3,25.1,0.2
2012/1/2,8.67,4,24,12.33,58.7,9.3,25.1,0.2
2012/1/3,8.16,4,24,11.84,59.2,9.3,25.1,0.3
2012/1/4,8.63,4,24,12.37,58.9,9.2,25.1,0.3
2012/1/5,8.46,4,24,12.54,59.7,9.2,25.1,0.3
2012/1/6,8.91,4,24,13.09,59.5,9.2,25.2,0.3
2012/1/7,8.82,4,24,13.18,59.9,9.2,25.2,0.2
2012/1/8,8.5,4,24,12.5,59.5,9.2,25.2,0.2
2012/1/9,8.53,4,24,12.47,59.4,9.2,25.2,0.2
2012/1/10,8.82,4,24,13.18,59.9,9.2,25.2,0.3
2012/1/11,8.59,4,24,12.41,59.1,9.2,25.2,0.3
2012/1/12,8.89,4,24,13.11,59.6,9.2,25.2,0.3
2012/1/13,8.48,4,24,12.52,59.6,9.2,25.2,0.3
2012/1/14,8.44,4,24,12.56,59.8,9.2,25.2,0.3
2012/1/15,8,4,24,12,60,9.2,25.3,0.2
2012/1/16,8.4,4,24,12.6,60,9.2,25.3,0.3
2012/1/17,8.76,4,24,12.24,58.3,9.2,25.3,0.3
2012/1/18,8.59,4,24,12.41,59.1,9.2,25.2,0.2
2012/1/19,8,4,24,12,60,9.2,26,0.3
2012/1/20,8.57,4,24,12.43,59.2,9.6,25.4,0.3
2012/1/21,8.44,4,24,12.56,59.8,9,25.2,0.2
2012/1/22,8.57,4,24,12.43,59.2,9.1,25.2,0.2
2012/1/23,8.93,4,24,13.07,59.4,9.1,25.2,0.2
2012/1/24,8.46,4,24,12.54,59.7,9.1,25.2,0.2
2012/1/25,8.38,4,24,12.62,60.1,9.2,25.2,0.2
2012/1/26,8.71,4,24,13.29,60.4,9.2,25.2,0.2
2012/1/27,8.25,4,24,12.75,60.7,9.2,25.2,0.2
2012/1/28,8.29,4,24,12.71,60.5,9.2,25.2,0.2
2012/1/29,8.34,4,24,12.66,60.3,9.2,25.3,0.2
2012/1/30,8.67,4,24,13.33,60.6,9,25.3,0.2
2012/1/31,8.34,4,24,12.66,60.3,9,25.3,0.2
2012/2/1,8.21,4,24,12.79,60.9,9,25.3,0.2
2012/2/2,7.92,4,24,13.08,62.3,9.2,25.3,0.2
2012/2/3,7.98,4,24,13.02,62,9.1,25.3,0.2
2012/2/4,7.96,4,24,13.04,62.1,9,25.3,0.2
2012/2/5,7.75,4,24,13.25,63.1,9.1,25.3,0.2
2012/2/6,7.58,4,24,13.42,63.9,9,25.3,0.2
2012/2/7,7.56,4,24,13.44,64,9.2,25.3,0.2
2012/2/8,7.6,4,24,13.4,63.8,9,25.3,0.3
2012/2/9,7.77,4,24,14.23,64.7,8.8,25.4,0.3
2012/2/10,7.66,4,24,14.34,65.2,8,25.4,0.3
2012/2/11,7.68,4,24,14.32,65.1,8.8,25.4,0.3
2012/2/12,7.33,4,24,13.67,65.1,8.7,25.4,0.3
2012/2/13,7.24,4,24,13.76,65.5,8.5,25.4,0.3
2012/2/14,7.18,4,24,13.82,65.8,8.5,25.3,0.4
2012/2/15,10.18,5,23.75,18.82,64.9,7.5,19.8,0.3
2012/2/16,8.47,5,24,20.53,70.8,6.3,20.4,0.3
2012/2/17,8.61,5,24,20.39,70.3,6.8,20.4,0.3
2012/2/18,14.32,5,24,28.68,66.7,6.7,20.7,0.3
2012/2/19,17.01,5,24,29.99,63.8,6.7,20.8,0.3
2012/2/20,11.45,5,24,17.55,60.5,6.5,20.8,0.3
2012/2/21,11.2,5,24,16.8,60,6.5,20.8,0.3
2012/2/22,10.53,5,24,17.47,62.4,6.5,20.8,0.3
2012/2/23,10.91,5,24,16.09,59.6,6.5,20.8,0.3
2012/2/24,11.34,5,24,16.66,59.5,6.5,20.8,0.3
2012/2/25,10.48,5,24,16.52,61.2,6.5,20.8,0.3
2012/2/26,11.09,5,24,16.91,60.4,6.5,20.8,0.3
2012/2/27,10.02,5,24,16.98,62.9,6.5,20.8,0.3
2012/2/28,10.92,5,24,17.08,61,6.5,20.8,0.3
2012/2/29,10.23,5,24,16.77,62.1,6.5,20.8,0.3
2012/3/1,0.74,5,3,1.26,63.1,6.5,20.8,0.3
2012/3/2,0,5,0,0,0,0,40.8,0
2012/3/3,0,5,0,0,0,0,40.8,0
2012/3/4,0,5,0,0,0,0,40.8,0
2012/3/5,13.43,5,21.25,22.57,62.7,7,19.6,0.3
2012/3/6,9.52,5,24,15.48,61.9,6.5,21.8,0.3
2012/3/7,11.89,5,24,17.11,59,6,21.2,0.3
2012/3/8,10.85,5,24,16.15,59.8,6,21.2,0.3
2012/3/9,10.78,5,24,17.22,61.5,6,21,0.3
2012/3/10,10.19,5,24,17.81,63.6,6,21,0.3
2012/3/11,10.68,5,24,19.32,64.4,6,20.8,0.3
2012/3/12,9,5,24,15,62.5,6,20.8,0.3
2012/3/13,10.47,5,24,17.53,62.6,6,20.8,0.3
2012/3/14,9.75,5,24,16.25,62.5,6,20.8,0.3
2012/3/15,10.5,5,24,17.5,62.5,6,20.8,0.3
2012/3/16,9.86,5,24,18.14,64.8,6,20.2,0.3
2012/3/17,10.18,5,24,16.82,62.3,6,20.4,0.3
2012/3/18,10.44,5,23.42,17.56,62.7,6.5,20.6,0.3
2012/3/19,9.96,5,24,17.04,63.1,6,20.2,0.3
2012/3/20,10.5,5,24,16.5,61.1,6,20,0.3
2012/3/21,10.5,5,24,16.5,61.1,6,20,0.3
2012/3/22,10.73,5,24,18.27,63,6,20,0.3
2012/3/23,9.88,5,24,17.12,63.4,6,20,0.2
2012/3/24,10.61,5,24,17.39,62.1,6,20,0.3
2012/3/25,9.77,5,24,17.23,63.8,6.4,20,0.3
2012/3/26,10.07,5,24,16.93,62.7,6.8,20,0.3
2012/3/27,9.96,5,24,17.04,63.1,6.8,20,0.3
2012/3/28,10.67,5,24,17.33,61.9,6.6,20,0.3
2012/3/29,10.64,5,24,17.36,62,6.7,19.5,0.3
2012/3/30,9.86,5,24,18.14,64.8,6.8,19.6,0.3
2012/3/31,9.27,5,24,18.73,66.9,6.5,19.6,0.3
2012/4/1,10.05,5,24,17.95,64.1,6.8,19.5,0.3
2012/4/2,10.11,5,24,15.89,61.1,6.6,19.5,0.3
2012/4/3,10.39,5,24,16.61,61.5,6.7,19.5,0.2
2012/4/4,10.56,5,24,16.44,60.9,6.6,19.6,0.3
2012/4/5,9.83,5,24,17.17,63.6,6.7,19.5,0.3
2012/4/6,10.83,5,24,16.17,59.9,6.6,19.6,0.3
2012/4/7,10.96,5,24,16.04,59.4,6.5,19.6,0.3
2012/4/8,10.02,5,24,16.98,62.9,6,19.6,0.3
2012/4/9,10.21,5,24,16.79,62.2,6,19.5,0.3
2012/4/10,10.45,5,24,16.55,61.3,6,19.6,0.4
2012/4/11,9.75,5,24,16.25,62.5,6,19.6,0.3
2012/4/12,9.88,5,24,17.12,63.4,6.1,19.6,0.3
2012/4/13,10.26,5,24,16.74,62,5.8,19.5,0.3
2012/4/14,10.34,5,24,16.66,61.7,5.7,19.5,0.3
2012/4/15,10.18,5,24,16.82,62.3,6.1,19.5,0.3
2012/4/16,9.88,5,24,16.12,62,5.8,19.4,0.3
2012/4/17,9.56,5,24,17.44,64.6,6,19.7,0.3
2012/4/18,10.15,5,24,16.85,62.4,5.5,19.6,0.3
2012/4/19,9.91,5,24,16.09,61.9,5.6,19.6,0.3
2012/4/20,10.53,5,24,16.47,61,5.9,19.5,0.2
2012/4/21,10.45,5,24,16.55,61.3,6.1,19.5,0.3
2012/4/22,10.3,5,24,15.7,60.4,5.6,19.4,0.3
2012/4/23,10.48,5,24,16.52,61.2,5.5,19.4,0.3
2012/4/24,9.35,5,24,15.65,62.6,6,19.4,0.3
2012/4/25,10.66,5,24,15.34,59,6,19.4,0.3
2012/4/26,9.62,5,24,15.38,61.5,6,19.4,0.3
2012/4/27,9.31,5,24,16.69,64.2,6,19.4,0.3
2012/4/28,10.11,5,24,17.89,63.9,6,19.4,0.3
2012/4/29,9.3,5,24,15.7,62.8,6,19.4,0.3
2012/4/30,10.32,5,24,15.68,60.3,6,19.4,0.3
2012/5/1,10.8,5,24,16.2,60,6,19.4,0.3
2012/5/2,10.53,5,24,16.47,61,6,19.4,0.3
2012/5/3,9.75,5,24,16.25,62.5,6,19.4,0.3
2012/5/4,10,5,24,15,60,6,19.4,0.3
2012/5/5,10.89,5,24,17.11,61.1,6,19.4,0.3
2012/5/6,9.77,5,24,17.23,63.8,6,19.4,0.3
2012/5/7,9.75,5,24,16.25,62.5,6,19.6,0.3
2012/5/8,10.48,5,24,16.52,61.2,6,19.6,0.3
2012/5/9,10.4,5,24,15.6,60,6,19.6,0.3
2012/5/10,9.77,5,24,15.23,60.9,6,19.6,0.3
2012/5/11,9.88,5,24,16.12,62,6,19.8,0.3
2012/5/12,10.11,5,24,15.89,61.1,6,19.5,0.3
2012/5/13,10.27,5,24,15.73,60.5,5.6,19.8,0.3
2012/5/14,9.49,5,24,16.51,63.5,5.6,19.8,0.3
2012/5/15,9.41,5,24,16.59,63.8,6,19.8,0.3
2012/5/16,9.36,5,24,16.64,64,6,19.6,0.3
2012/5/17,10.26,5,24,16.74,62,5.6,19.6,0.3
2012/5/18,8.32,4,23.08,23.68,74,5.6,19.6,0.3
2012/5/19,7.35,4,24,13.65,65,6,24,0.3
2012/5/20,7.35,4,24,13.65,65,8,24.2,0.3
2012/5/21,7.35,4,24,13.65,65,7.8,24.5,0.3
2012/5/22,7.35,4,24,13.65,65,7.9,24.5,0.3
2012/5/23,7.35,4,24,13.65,65,7.5,24.8,0.3
2012/5/24,7.35,4,23.5,13.65,65,9.5,27,0.3
2012/5/25,7.35,4,24,13.65,65,9.5,24.6,0.3
2012/5/26,7.35,4,24,13.65,65,10,24.6,0.3
2012/5/27,7.35,4,24,13.65,65,9.5,24.6,0.3
2012/5/28,7.35,4,24,13.65,65,9.5,24.6,0.3
2012/5/29,7.35,4,24,13.65,65,9.6,24.9,0.3
2012/5/30,7.35,4,24,13.65,65,9.5,24.9,0.3
2012/5/31,7.35,4,24,13.65,65,9.5,25,0.3
2012/6/1,7.35,4,24,13.65,65,9.5,25,0.3
2012/6/2,7.35,4,24,13.65,65,9.6,25,0.4
2012/6/3,7.35,4,24,13.65,65,9.5,25,0.3
2012/6/4,7.35,4,24,13.65,65,9.5,25,0.3
2012/6/5,7.35,4,24,13.65,65,9.5,25,0.2
2012/6/6,7.35,4,24,13.65,65,9.6,25,0.3
2012/6/7,7.35,4,24,13.65,65,9.5,25,0.3
2012/6/8,7.35,4,24,13.65,65,9.8,25,0.3
2012/6/9,7.35,4,24,13.65,65,9.8,25,0.3
2012/6/10,7.35,4,24,13.65,65,9.8,25,0.3
2012/6/11,7.35,4,24,13.65,65,9.8,25,0.3
2012/6/12,7.35,4,24,13.65,65,9.8,25,0.3
2012/6/13,7.35,4,24,13.65,65,9.8,25,0.3
2012/6/14,7.35,4,24,13.65,65,9.8,25,0.3
2012/6/15,7.35,4,24,13.65,65,9.6,25,0.3
2012/6/16,7.35,4,24,13.65,65,9.7,25,0.3
2012/6/17,7.35,4,24,13.65,65,9.7,25,0.3
2012/6/18,7.35,4,24,13.65,65,9.7,25,0.3
2012/6/19,7.43,4,24,13.57,64.6,9.7,25,0.3
2012/6/20,7.33,4,24,13.67,65.1,9.7,25,0.3
2012/6/21,7.14,4,24,13.86,66,9,25.4,0.3
2012/6/22,7.24,4,24,13.76,65.5,7.7,24.8,0.3
2012/6/23,6.82,4,24,14.18,67.5,7.7,25,0.2
2012/6/24,6.82,4,24,14.18,67.5,7.5,25,0.2
2012/6/25,7.14,4,24,13.86,66,7.7,25,0.2
2012/6/26,7.14,4,24,13.86,66,7.5,25,0.2
2012/6/27,6.72,4,24,14.28,68,7.7,25,0.3
2012/6/28,6.61,4,24,14.39,68.5,7.5,25,0.3
2012/6/29,7.33,4,24,13.67,65.1,7.5,25,0.4
2012/6/30,6.93,4,24,14.07,67,7.5,25.1,0.3
2012/7/1,6.82,4,24,14.18,67.5,7.6,25.1,0.3
2012/7/2,6.61,4,24,14.39,68.5,7.5,25.1,0.3
2012/7/3,7.14,4,24,13.86,66,7.5,25.1,0.3
2012/7/4,6.32,4,24,14.68,69.9,7.5,25.1,0.3
2012/7/5,6.22,4,24,14.78,70.4,7.5,25,0.3
2012/7/6,6.22,4,24,14.78,70.4,7.5,25,0.3
2012/7/7,6.11,4,24,14.89,70.9,7.4,25,0.3
2012/7/8,5.92,4,24,15.08,71.8,7.5,25,0.3
2012/7/9,6.61,4,24,14.39,68.5,7.5,25,0.3
2012/7/10,6.43,4,24,14.57,69.4,7.5,25.1,0
2012/7/11,6.53,4,24,14.47,68.9,7.5,25.1,0.3
2012/7/12,5.92,4,24,15.08,71.8,7.5,25.1,0.4
2012/7/13,5.92,4,24,15.08,71.8,7.5,25.2,0.3
2012/7/14,6.11,4,24,14.89,70.9,7.5,25.1,0.2
2012/7/15,6.22,4,24,14.78,70.4,7.5,25.2,0.2
2012/7/16,6.11,4,24,14.89,70.9,7.5,25.2,0.3
2012/7/17,5.92,4,24,14.08,70.4,7.5,25,0.3
2012/7/18,6.53,4,24,14.47,68.9,7.5,25.2,0.3
2012/7/19,6.32,4,24,14.68,69.9,7.5,25.1,0.3
2012/7/20,6.32,4,24,14.68,69.9,7.5,25.2,0.2
2012/7/21,6.01,4,24,14.99,71.4,7.5,25.1,0.3
2012/7/22,4.68,4,24,16.32,77.7,7.5,25.2,0.3
2012/7/23,5.29,4,24,15.71,74.8,7.5,25.1,0.3
2012/7/24,5.4,4,24,15.6,74.3,7.5,25.2,0.3
2012/7/25,5.61,4,24,15.39,73.3,7.5,25.2,0.3
2012/7/26,6.11,4,24,14.89,70.9,7.5,25.2,0.3
2012/7/27,5.92,4,24,15.08,71.8,7.5,25.2,0.3
2012/7/28,6.32,4,24,14.68,69.9,7.5,25.2,0.3
2012/7/29,6.72,4,24,14.28,68,7.5,25.2,0.3
2012/7/30,6.43,4,24,14.57,69.4,7.5,25.2,0.3
2012/7/31,5.34,4,24,14.66,73.3,7.5,25.2,0.3
2012/8/1,5.71,4,24,15.29,72.8,7.5,25.2,0.3
2012/8/2,5.71,4,24,15.29,72.8,7.5,25.2,0.3
2012/8/3,6.11,4,24,14.89,70.9,7.5,25.2,0.3
2012/8/4,5.82,4,24,14.18,70.9,7.5,25.2,0.3
2012/8/5,5.5,4,24,15.5,73.8,7.5,25.2,0.3
2012/8/6,6.11,4,24,14.89,70.9,7.5,25.2,0.3
2012/8/7,5.82,4,24,15.18,72.3,7.5,25.2,0.3
2012/8/8,5.61,4,24,15.39,73.3,7.5,25.2,0.3
2012/8/9,6.11,4,24,14.89,70.9,7.5,25.2,0.3
2012/8/10,6.01,4,24,14.99,71.4,7.5,25.2,0.3
2012/8/11,6.01,4,24,14.99,71.4,7.5,25.2,0.3
2012/8/12,5.82,4,24,15.18,72.3,7.5,25.2,0.3
2012/8/13,6.11,4,24,14.89,70.9,7.5,25.2,0.3
2012/8/14,6.11,4,24,14.89,70.9,7.5,25.2,0.3
2012/8/15,6.43,4,24,14.57,69.4,7.5,25.2,0.3
2012/8/16,6.32,4,24,14.68,69.9,7.5,25.2,0.3
2012/8/17,4.76,5,23.83,15.24,76.2,8.5,19,0.3
2012/8/18,7.54,5,24,21.46,74,4.6,22,0.3
2012/8/19,8.41,5,24,20.59,71,6,20.4,0.3
2012/8/20,9.25,5,24,19.75,68.1,6,20,0.3
2012/8/21,8.82,5,24,19.18,68.5,5.8,19.8,0.3
2012/8/22,9.75,5,24,20.25,67.5,5.7,19.6,0.3
2012/8/23,9.63,5,24,19.37,66.8,5.8,19.6,0.3
2012/8/24,9.07,5,24,18.93,67.6,5.8,19.6,0.3
2012/8/25,9.44,5,24,18.56,66.3,5.8,19.6,0.3
2012/8/26,9.91,5,24,18.09,64.6,5.8,19.6,0.3
2012/8/27,9.72,5,24,16.28,62.6,5.8,19.6,0.3
2012/8/28,10.31,5,24,16.69,61.8,5.8,19.6,0.3
2012/8/29,10.07,5,24,16.93,62.7,5.8,19.6,0.3
2012/8/30,9.8,5,24,17.2,63.7,5.8,19.6,0.3
2012/8/31,9.53,5,24,17.47,64.7,5.8,19.6,0.3
2012/9/1,9.61,5,24,17.61,64.4,5.2,19.6,0.3
2012/9/2,10.27,5,24,18.73,64.6,5.2,19.6,0.3
2012/9/3,9.88,5,24,18.12,64.7,5.5,19.6,0.3
2012/9/4,9.42,5,23.58,17.58,65.1,5.6,20.8,0.3
2012/9/5,9.64,5,24,17.36,64.3,5.5,19.6,0.4
2012/9/6,10.18,5,24,16.82,62.3,5.5,19.5,0.2
2012/9/7,10.18,5,24,16.82,62.3,5.5,19.5,0.2
2012/9/8,10.45,5,24,16.55,61.3,5.5,19.6,0.3
2012/9/9,10.24,5,24,15.76,60.6,5.6,19.6,0.3
2012/9/10,10.42,5,24,16.58,61.4,5.5,19.4,0.3
2012/9/11,10.5,5,24,16.5,61.1,5.5,19.5,0.3
2012/9/12,10.12,5,24,16.88,62.5,5.5,19.8,0.3
2012/9/13,9.75,5,24,16.25,62.5,5.1,19.6,0.2
2012/9/14,10.61,5,24,16.39,60.7,5.5,19.8,0.2
2012/9/15,10.18,5,24,16.82,62.3,5.6,19.5,0.2
2012/9/16,10.39,5,24,16.61,61.5,5.5,19.6,0.3
2012/9/17,9.98,5,24,16.02,61.6,5.6,19.6,0.3
2012/9/18,10.34,5,24,16.66,61.7,5.6,19.6,0.2
2012/9/19,10.06,5,24,15.94,61.3,5.6,19.6,0.2
2012/9/20,9.18,5,24,17.82,66,5.4,19.6,0.2
2012/9/21,10.01,5,24,15.99,61.5,5.4,19.5,0.2
2012/9/22,7.2,5,24,18.8,72.3,5.6,19.6,0.3
2012/9/23,9.75,5,24,16.25,62.5,5.6,19.6,0.3
2012/9/24,8.71,5,24,17.29,66.5,5.6,19.6,0.3
2012/9/25,6.19,5,24,19.81,76.2,5.6,19.6,0.3
2012/9/26,7.31,5,24,18.69,71.9,5.6,19.6,0.3
2012/9/27,7.49,5,24,18.51,71.2,5.6,19.6,0.3
2012/9/28,6.99,5,24,19.01,73.1,5.6,19.6,0.3
2012/9/29,6.71,5,24,19.29,74.2,5.6,19.4,0.3
2012/9/30,5.3,5,24,20.7,79.6,5.4,19.4,0.3
2012/10/1,6.71,6,23.83,19.29,74.2,5.6,15.8,0.3
2012/10/2,6.19,6,24,19.81,76.2,2.5,16.2,0.3
2012/10/3,5.69,6,24,20.31,78.1,3.2,18.6,0.4
2012/10/4,6.29,6,24,19.71,75.8,4,17,0.4
2012/10/5,6.01,6,24,19.99,76.9,4.5,18.8,0.4
2012/10/6,6.5,6,24,19.5,75,3,16.8,0.4
2012/10/7,6.19,6,24,19.81,76.2,5.2,17,0.4
2012/10/8,6.71,6,24,19.29,74.2,3,18.6,0.4
2012/10/9,6.4,6,24,19.6,75.4,5,16.4,0.4
2012/10/10,6.71,6,24,19.29,74.2,5,18.4,0.4
2012/10/11,6.99,6,24,19.01,73.1,2.5,18,0.4
2012/10/12,8.01,6,24,17.99,69.2,5,17,0.4
2012/10/13,8.09,6,24,17.91,68.9,4,16.4,0.4
2012/10/14,7.9,6,24,18.1,69.6,3,17,0.4
2012/10/15,6.89,6,24,19.11,73.5,5.2,18,0.4
2012/10/16,8.01,6,24,17.99,69.2,2.5,18.8,0.4
2012/10/17,8.29,6,24,17.71,68.1,5.5,16.8,0.4
2012/10/18,7.59,6,24,18.41,70.8,3.2,20.4,0.4
2012/10/19,6.71,6,24,19.29,74.2,3,16.8,0.4
2012/10/20,7.9,6,24,18.1,69.6,4.5,19,0.4
2012/10/21,7.31,6,24,18.69,71.9,2.5,18,0.4
2012/10/22,6.89,6,24,19.11,73.5,4.5,21,0.4
2012/10/23,5.9,6,24,20.1,77.3,3.5,18.5,0.4
2012/10/24,8.01,6,24,17.99,69.2,5,18.5,0.4
2012/10/25,8.01,6,24,17.99,69.2,5,18.5,0.4
2012/10/26,7.31,6,24,18.69,71.9,4.5,18.3,0.4
2012/10/27,6.5,6,24,19.5,75,3.5,18.6,0.3
2012/10/28,6.99,6,24,19.01,73.1,3.9,17.5,0.4
2012/10/29,7.59,6,24,18.41,70.8,4.5,19.6,0.4
2012/10/30,6.79,6,24,19.21,73.9,3.4,17.6,0.4
2012/10/31,7.41,6,24,18.59,71.5,4.4,19.6,0.4
2012/11/1,7.41,6,24,18.59,71.5,3,18.6,0.4
2012/11/2,6.19,6,24,19.81,76.2,3,18.6,0.4
2012/11/3,6.16,6,24,19.84,76.3,3,18.6,0.4
2012/11/4,6.24,6,24,19.76,76,5.5,19,0.3
2012/11/5,6.27,6,24,19.73,75.9,5.5,19,0.3
2012/11/6,5.75,6,24,20.25,77.9,3.6,19,0.3
2012/11/7,5.46,6,24,20.54,79,3,20,0.3
2012/11/8,5.33,6,24,20.67,79.5,3,19,0.3
2012/11/9,5.88,6,24,20.12,77.4,3.8,19,0.3
2012/11/10,5.72,6,24,20.28,78,5.5,16,0.3
2012/11/11,5.59,6,24,20.41,78.5,3.5,19,0.4
2012/11/12,6.34,6,24,19.66,75.6,3,20,0.3
2012/11/13,6.29,6,24,19.71,75.8,3.5,18,0.4
2012/11/14,6.58,6,24,19.42,74.7,3.5,20,0.3
2012/11/15,6.73,6,24,19.27,74.1,3.5,17,0.3
2012/11/16,7.18,6,24,18.82,72.4,2.8,21,0.3
2012/11/17,7.1,6,24,18.9,72.7,3.5,19,0.3
2012/11/18,7.36,6,24,18.64,71.7,1.2,23,0.3
2012/11/19,7.38,6,24,18.62,71.6,3,18,0.3
2012/11/20,7.15,6,24,18.85,72.5,0.8,26,0.3
2012/11/21,7.36,6,24,18.64,71.7,3,18,0.3
2012/11/22,7.07,6,24,18.93,72.8,0.6,28,0.2
2012/11/23,6.99,6,24,19.01,73.1,3.5,20,0.3
2012/11/24,6.89,6,24,19.11,73.5,3.5,20,0.3
2012/11/25,5.1,6,24,20.9,80.4,1.8,20,0.2
2012/11/26,5.1,6,24,20.9,80.4,2.8,18,0.3
2012/11/27,4.29,6,24,21.71,83.5,2.5,18.5,0.4
2012/11/28,5.49,6,24,20.51,78.9,1.6,19,0.3
2012/11/29,4.39,6,24,21.61,83.1,2.3,20,0.4
2012/11/30,3.69,6,24,22.31,85.8,3.8,20,0.4
2012/12/1,5.41,6,24,20.59,79.2,3.4,18,0.3
2012/12/2,5.51,6,24,20.49,78.8,3.5,17.5,0.4
2012/12/3,6.01,6,24,19.99,76.9,3.6,17,0.4
2012/12/4,6.4,6,24,19.6,75.4,3.4,18,0.4
2012/12/5,6.5,6,24,19.5,75,3.7,17,0.4
2012/12/6,6.4,6,24,19.6,75.4,3.5,19,0.4
2012/12/7,6.5,6,24,19.5,75,3.5,17.2,0.4
2012/12/8,6.81,6,24,19.19,73.8,3.3,18.2,0.4
2012/12/9,6.89,6,24,19.11,73.5,3.5,19.2,0.4
2012/12/10,6.99,6,24,19.01,73.1,3.4,17.8,0.4
2012/12/11,7.15,6,24,18.85,72.5,3.2,18.1,0.4
2012/12/12,7.2,6,24,18.8,72.3,2.8,17,0.4
2012/12/13,7.49,6,24,18.51,71.2,3.2,17.5,0.4
2012/12/14,7.7,6,24,18.3,70.4,3.4,17,0.4
2012/12/15,8.01,6,24,17.99,69.2,4.3,18,0.4
2012/12/16,7.9,6,24,18.1,69.6,4,17,0.4
2012/12/17,7.9,6,24,18.1,69.6,3.5,18,0.4
2012/12/18,8.01,6,24,17.99,69.2,2.8,18,0.4
2012/12/19,8.06,6,24,17.94,69,3,19,0.4
2012/12/20,8.19,6,24,17.81,68.5,3.5,19.2,0.4
2012/12/21,8.01,6,24,17.99,69.2,4,18.4,0.4
2012/12/22,8.01,6,24,17.99,69.2,4,18.4,0.4
2012/12/23,8.19,6,24,17.81,68.5,4.1,18,0.4
2012/12/24,8.29,6,24,17.71,68.1,3.8,17.5,0.4
2012/12/25,8.19,6,24,17.81,68.5,3.7,17.8,0.4
2012/12/26,8.19,6,24,17.81,68.5,3.5,18.5,0.4
2012/12/27,8.19,6,24,17.81,68.5,2.9,17.6,0.4
2012/12/28,8.11,6,24,17.89,68.8,2.6,18.5,0.4
2012/12/29,8.01,6,24,17.99,69.2,2.9,18.2,0.4
2012/12/30,7.8,6,24,18.2,70,2.5,19,0.4
2012/12/31,7.9,6,24,18.1,69.6,3.3,18.5,0.4
2013/1/1,7.7,6,24,18.3,70.4,3.7,19,0.4
2013/1/2,7.59,6,24,18.41,70.8,3,20,0.3
2013/1/3,7.7,6,24,18.3,70.4,3.5,19.5,0.4
2013/1/4,7.8,6,24,18.2,70,2.9,19,0.4
2013/1/5,7.8,6,24,18.2,70,3.5,18.5,0.4
2013/1/6,7.59,6,24,18.41,70.8,3,18.5,0.3
2013/1/7,7.7,6,24,18.3,70.4,3.5,19,0.3
2013/1/8,7.59,6,24,18.41,70.8,3,19.5,0.3
2013/1/9,7.7,6,24,18.3,70.4,2.5,20,0.4
2013/1/10,7.9,6,24,18.1,69.6,3,19.5,0.4
2013/1/11,8.09,6,24,17.91,68.9,4,19,0.4
2013/1/12,7.9,6,24,18.1,69.6,4,18.5,0.4
2013/1/13,8.01,6,24,17.99,69.2,3.5,18.3,0.4
2013/1/14,7.8,6,24,18.2,70,3.8,17.8,0.5
2013/1/15,8.01,6,24,17.99,69.2,3.5,18.5,0.3
2013/1/16,7.9,6,24,18.1,69.6,3.1,17.2,0.4
2013/1/17,7.98,6,24,18.02,69.3,3,18.7,0.4
2013/1/18,7.9,6,24,18.1,69.6,3.1,18,0.4
2013/1/19,7.98,6,24,18.02,69.3,3.2,18.5,0.4
2013/1/20,7.85,6,24,18.15,69.8,3.1,18,0.3
2013/1/21,7.9,6,24,18.1,69.6,3.5,18,0.4
2013/1/22,7.8,6,24,18.2,70,3.2,17.5,0.4
2013/1/23,7.75,6,24,18.25,70.2,3.4,18,0.4
2013/1/24,7.7,6,24,18.3,70.4,3,17.5,0.3
2013/1/25,7.64,6,24,18.36,70.6,2.5,18,0.2
2013/1/26,7.59,6,24,18.41,70.8,3.1,19,0.3
2013/1/27,7.44,6,24,18.56,71.4,3,18,0.3
2013/1/28,7.49,6,24,18.51,71.2,3.4,18,0.3
2013/1/29,7.41,6,24,18.59,71.5,2.9,19,0.3
2013/1/30,7.49,6,24,18.51,71.2,3.3,18.9,0.3
2013/1/31,7.44,6,24,18.56,71.4,1.5,23,0.3
2013/2/1,7.49,6,24,18.51,71.2,3.7,18.5,0.4
2013/2/2,7.41,6,24,18.59,71.5,3,17.4,0.3
2013/2/3,7.59,6,24,18.41,70.8,3.1,20,0.3
2013/2/4,7.49,6,24,18.51,71.2,2.8,19,0.3
2013/2/5,7.2,6,24,18.8,72.3,0.5,30,0.1
2013/2/6,7.31,6,24,18.69,71.9,2.6,25,0.3
2013/2/7,7.2,6,24,18.8,72.3,2.2,20,0.1
2013/2/8,7.18,6,24,18.82,72.4,2.2,20,0.1
2013/2/9,7.31,6,24,18.69,71.9,2.8,22,0.4
2013/2/10,7.15,6,24,18.85,72.5,0.8,25,0.2
2013/2/11,6.99,6,24,19.01,73.1,2.9,26,0.4
2013/2/12,6.89,6,24,19.11,73.5,2.4,25,0.3
2013/2/13,6.92,6,24,19.08,73.4,2.2,24,0.3
2013/2/14,6.79,6,24,19.21,73.9,2.8,22,0.3
2013/2/15,6.71,6,24,19.29,74.2,3,20,0.3
2013/2/16,6.6,6,24,19.4,74.6,3.1,19,0.4
2013/2/17,6.6,6,24,19.4,74.6,2.9,18,0.3
2013/2/18,6.6,6,24,19.4,74.6,2.9,17.6,0.4
2013/2/19,6.71,6,24,19.29,74.2,3,17.5,0.4
2013/2/20,6.6,6,24,19.4,74.6,3,17.6,0.4
2013/2/21,6.5,6,24,19.5,75,2.9,17.4,0.4
2013/2/22,6.6,6,24,19.4,74.6,3,17.8,0.4
2013/2/23,6.71,6,24,19.29,74.2,2.9,17.4,0.3
2013/2/24,6.6,6,24,19.4,74.6,3,17.6,0.4
2013/2/25,6.5,6,24,19.5,75,2.7,17.3,0.4
2013/2/26,6.6,6,24,19.4,74.6,2.9,17.5,0.8
2013/2/27,6.5,6,24,19.5,75,2.8,17.7,0.4
2013/2/28,6.4,6,24,19.6,75.4,2.9,17.6,0.4
2013/3/1,6.5,6,24,19.5,75,2.8,18.1,0.4
2013/3/2,6.4,6,24,19.6,75.4,3,17.4,0.4
2013/3/3,6.29,6,24,19.71,75.8,2.6,18,0.4
2013/3/4,6.32,6,24,19.68,75.7,2.9,17,0.4
2013/3/5,6.19,6,24,19.81,76.2,2.7,18,0.4
2013/3/6,6.32,6,24,19.68,75.7,3,18.3,0.4
2013/3/7,6.21,6,24,19.79,76.1,2,25,0.2
2013/3/8,6.11,6,24,19.89,76.5,3.1,26,0.4
2013/3/9,6.08,6,24,19.92,76.6,3,18.2,0.4
2013/3/10,6.11,6,24,19.89,76.5,2.7,17,0.3
2013/3/11,6.08,6,24,19.92,76.6,2.8,17,0.3
2013/3/12,6.19,6,24,19.81,76.2,2.9,17,0.3
2013/3/13,6.19,6,24,19.81,76.2,2.9,17.4,0.3
2013/3/14,6.32,6,24,19.68,75.7,2.8,17,0.3
2013/3/15,6.19,6,24,19.81,76.2,2.7,17,0.3
2013/3/16,6.11,6,24,19.89,76.5,2.9,17,0.3
2013/3/17,6.19,6,24,19.81,76.2,3,17,0.3
2013/3/18,6.11,6,24,19.89,76.5,2.9,17,0.3
2013/3/19,6.19,6,24,19.81,76.2,3,17.5,0.3
2013/3/20,6.19,6,24,19.81,76.2,2.9,17.5,0.3
2013/3/21,6.11,6,24,19.89,76.5,2.8,17.4,0.3
2013/3/22,6.01,6,24,19.99,76.9,2.9,17.2,0.3
2013/3/23,6.11,6,24,19.89,76.5,2.9,17,0.3
2013/3/24,6.01,6,24,19.99,76.9,2.8,17,0.3
2013/3/25,6.11,6,24,19.89,76.5,2.9,17,0.3
2013/3/26,6.01,6,24,19.99,76.9,2.9,17,0.3
2013/3/27,6.11,6,24,19.89,76.5,2.9,17,0.3
2013/3/28,6.01,6,24,19.99,76.9,3.1,19,0.3
2013/3/29,6.01,6,24,19.99,76.9,2.8,17.1,0.3
2013/3/30,6.11,6,24,19.89,76.5,2.8,17,0.3
2013/3/31,6.01,6,24,19.99,76.9,2.9,17.6,0.3
2013/4/1,6.01,6,24,19.99,76.9,2.8,17.5,0.3
2013/4/2,6.01,6,24,19.99,76.9,2.6,17.5,0.3
2013/4/3,6.01,6,24,19.99,76.9,2.8,17.6,0.3
2013/4/4,6.01,6,24,19.99,76.9,2.8,17,0.4
2013/4/5,6.01,6,24,19.99,76.9,2.7,17.5,0.4
2013/4/6,5.9,6,24,20.1,77.3,2.8,17,0.4
2013/4/7,5.9,6,24,20.1,77.3,2.7,17.1,0.4
2013/4/8,5.9,6,24,20.1,77.3,2.8,17,0.4
2013/4/9,6.01,6,24,19.99,76.9,2.6,17.6,0.4
2013/4/10,6.11,6,24,19.89,76.5,2.9,17,0.4
2013/4/11,6.11,6,24,19.89,76.5,2.7,17.2,0.4
2013/4/12,6.11,6,24,19.89,76.5,2.8,17.2,0.4
2013/4/13,6.01,6,24,19.99,76.9,2.5,17,0.4
2013/4/14,5.9,6,24,20.1,77.3,2.4,17,0.4
2013/4/15,5.9,6,24,20.1,77.3,2.3,17.5,0.4
2013/4/16,5.9,6,24,20.1,77.3,2.6,17,0.4
2013/4/17,5.9,6,24,20.1,77.3,1.8,17,0.4
2013/4/18,6.01,6,24,19.99,76.9,2.8,17,0.4
2013/4/19,6.01,6,24,19.99,76.9,2.4,16.8,0.4
2013/4/20,6.01,6,24,19.99,76.9,2.8,17.8,0.4
2013/4/21,5.9,6,24,20.1,77.3,2.1,16.5,0.4
2013/4/22,5.9,6,24,20.1,77.3,2,18,0.4
2013/4/23,6.01,6,24,19.99,76.9,2.5,16.8,0.4
2013/4/24,5.1,6,24,20.9,80.4,1.5,19,0.1
2013/4/25,5.3,6,24,20.7,79.6,1,25,0.4
2013/4/26,5.9,6,24,20.1,77.3,3.5,20,0.4
2013/4/27,5.9,6,24,20.1,77.3,1,17.8,0.3
2013/4/28,5.8,6,24,20.2,77.7,1,25,0.3
2013/4/29,5.69,6,24,20.31,78.1,2.8,28,0.4
2013/4/30,5.69,6,24,20.31,78.1,3,18,0.4
2013/5/1,5.69,6,24,20.31,78.1,1.7,17,0.4
2013/5/2,5.8,6,24,20.2,77.7,2.8,18.2,0.4
2013/5/3,5.69,6,24,20.31,78.1,1.5,17,0.4
2013/5/4,5.8,6,24,20.2,77.7,2.8,18,0.4
2013/5/5,5.72,6,24,20.28,78,2.2,17,0.4
2013/5/6,5.8,6,24,20.2,77.7,2.7,17.6,0.4
2013/5/7,5.51,6,24,20.49,78.8,1.6,17.4,0.4
2013/5/8,5.69,6,24,20.31,78.1,1.5,17.4,0.4
2013/5/9,5.59,6,24,20.41,78.5,1.6,17.5,0.4
2013/5/10,5.51,6,24,20.49,78.8,1.7,17,0.4
2013/5/11,5.51,6,24,20.49,78.8,1.6,17.2,0.4
2013/5/12,5.41,6,24,20.59,79.2,1.7,16.5,0.4
2013/5/13,5.1,6,24,20.9,80.4,1.6,16.4,0.4
2013/5/14,5.1,6,24,20.9,80.4,1.7,17,0.4
2013/5/15,4.99,6,24,21.01,80.8,1.7,17,0.4
2013/5/16,4.89,6,24,21.11,81.2,1.8,17,0.4
2013/5/17,4.99,6,24,21.01,80.8,2,17,0.4
2013/5/18,4.89,6,24,21.11,81.2,2.1,17.1,0.4
2013/5/19,4.89,6,24,21.11,81.2,2,17.4,0.4
2013/5/20,4.89,6,24,21.11,81.2,2.2,17.4,0.4
2013/5/21,4.89,6,24,21.11,81.2,1.7,17,0.4
2013/5/22,4.99,6,24,21.01,80.8,1.8,17.6,0.4
2013/5/23,4.81,6,24,21.19,81.5,1.8,17.2,0.4
2013/5/24,4.71,6,24,21.29,81.9,1.8,17.4,0.4
2013/5/25,4.6,6,24,21.4,82.3,1.9,17.2,0.4
2013/5/26,4.6,6,24,21.4,82.3,1.8,17.5,0.4
2013/5/27,4.71,6,24,21.29,81.9,1.9,17.4,0.4
2013/5/28,4.6,6,24,21.4,82.3,1.8,18.2,0.4
2013/5/29,4.71,6,24,21.29,81.9,2.2,21,0.4
2013/5/30,4.71,6,24,21.29,81.9,2.1,17.4,0.4
2013/5/31,4.6,6,24,21.4,82.3,1.5,16.4,0.4
2013/6/1,4.39,6,24,21.61,83.1,1.2,19.5,0.3
2013/6/2,4.11,6,24,21.89,84.2,1.5,20.1,0.4
2013/6/3,4,6,24,22,84.6,2.8,14.4,0.4
2013/6/4,4,6,24,22,84.6,1.6,18,0.4
2013/6/5,4.11,6,24,21.89,84.2,3.2,17.4,0.4
2013/6/6,4,6,24,22,84.6,1.5,17,0.3
2013/6/7,3.9,6,24,22.1,85,1.2,21,0.3
2013/6/8,3.9,6,24,22.1,85,1.2,29,0.4
2013/6/9,3.9,6,24,22.1,85,2.2,18.2,0.4
2013/6/10,3.9,6,24,22.1,85,1.4,18.8,0.4
2013/6/11,3.8,6,24,22.2,85.4,1.5,19,0.4
2013/6/12,3.9,6,24,22.1,85,3,18,0.4
2013/6/13,3.9,6,24,22.1,85,1,18,0.4
2013/6/14,3.8,6,24,22.2,85.4,0.5,33,0.3
2013/6/15,3.9,6,24,22.1,85,3,26,0.4
2013/6/16,3.9,6,24,22.1,85,3,18,0.4
2013/6/17,4,6,24,22,84.6,2,17.8,0.4
2013/6/18,3.9,6,24,22.1,85,2.8,19,0.4
2013/6/19,3.9,6,24,22.1,85,2.5,17,0.4
2013/6/20,3.9,6,24,22.1,85,2.5,19,0.4
2013/6/21,4,6,24,22,84.6,2.7,18,0.4
2013/6/22,3.9,6,24,22.1,85,0.8,21,0.3
2013/6/23,3.9,6,24,22.1,85,0.5,32,0.3
2013/6/24,4,6,24,22,84.6,3.5,22,0.5
2013/6/25,4,6,24,22,84.6,3.8,17,0.4
2013/6/26,4,6,24,22,84.6,0.5,28,0.3
2013/6/27,4,6,24,22,84.6,3.2,35,0.5
2013/6/28,4.11,6,24,21.89,84.2,3,22,0.5
2013/6/29,4.11,6,24,21.89,84.2,3,22,0.5
2013/6/30,4.11,6,24,21.89,84.2,2,17.2,0.4
2013/7/1,3.64,6,24,22.36,86,2,18,0.4
2013/7/2,3.69,6,24,22.31,85.8,1.8,17.6,0.4
2013/7/3,3.51,6,24,22.49,86.5,2.2,17.6,0.4
2013/7/4,3.51,6,24,22.49,86.5,2.2,17,0.4
2013/7/5,3.74,6,24,22.26,85.6,2.2,17.2,0.4
2013/7/6,3.9,6,24,22.1,85,2,17,0.4
2013/7/7,4.11,6,24,21.89,84.2,2.2,17.2,0.4
2013/7/8,4.19,6,24,21.81,83.9,2,17,0.4
2013/7/9,4.39,6,24,21.61,83.1,2.4,17.4,0.4
2013/7/10,4.29,6,24,21.71,83.5,2.2,17.2,0.4
2013/7/11,4.29,6,24,21.71,83.5,2.2,17.2,0.4
2013/7/12,4.39,6,24,21.61,83.1,2.2,17.2,0.4
2013/7/13,4.29,6,24,21.71,83.5,2.2,17.2,0.4
2013/7/14,4.29,6,24,21.71,83.5,2.1,17.2,0.4
2013/7/15,4.39,6,24,21.61,83.1,2.3,17.6,0.4
2013/7/16,4.6,6,24,21.4,82.3,2.2,17.2,0.4
2013/7/17,4.89,6,24,21.11,81.2,2.2,17.4,0.4
2013/7/18,4.81,6,24,21.19,81.5,2.2,17.2,0.4
2013/7/19,4.81,6,24,21.19,81.5,2.3,17.2,0.4
2013/7/20,4.99,6,24,21.01,80.8,2.3,17.2,0.4
2013/7/21,4.99,6,24,21.01,80.8,2.3,17.2,0.4
2013/7/22,5.1,6,24,20.9,80.4,2.2,17.2,0.4
2013/7/23,5.51,6,24,20.49,78.8,2.3,17.3,0.4
2013/7/24,5.41,6,24,20.59,79.2,2.3,17.5,0.4
2013/7/25,5.69,6,24,20.31,78.1,2.3,17.2,0.4
2013/7/26,5.9,6,24,20.1,77.3,2.3,17.3,0.4
2013/7/27,6.01,6,24,19.99,76.9,2.3,17.3,0.4
2013/7/28,5.9,6,24,20.1,77.3,2.3,17.3,0.4
2013/7/29,5.9,6,24,20.1,77.3,2.3,17.3,0.4
2013/7/30,5.9,6,24,20.1,77.3,2.3,17.3,0.4
2013/7/31,6.01,6,24,19.99,76.9,2.4,17.2,0.4
2013/8/1,5.69,6,24,20.31,78.1,2.3,17.5,0.4
2013/8/2,5.59,6,24,20.41,78.5,2.2,17.3,0.4
2013/8/3,5.51,6,24,20.49,78.8,2.3,17.3,0.4
2013/8/4,5.59,6,24,20.41,78.5,2.3,17.3,0.4
2013/8/5,5.59,6,24,20.41,78.5,2.3,17.3,0.4
2013/8/6,5.51,6,24,20.49,78.8,2.3,17.3,0.4
2013/8/7,5.59,6,24,20.41,78.5,2.3,17.3,0.4
2013/8/8,5.3,6,24,20.7,79.6,2.3,17.3,0.4
2013/8/9,5.51,6,24,20.49,78.8,2.3,17.3,0.4
2013/8/10,5.51,6,24,20.49,78.8,2.3,17.3,0.4
2013/8/11,5.8,6,24,20.2,77.7,2.3,17.3,0.4
2013/8/12,5.59,6,24,20.41,78.5,2.3,17.3,0.4
2013/8/13,5.8,6,24,20.2,77.7,2.3,17.4,0.4
2013/8/14,5.59,6,24,20.41,78.5,2.4,17.5,0.4
2013/8/15,5.59,6,24,20.41,78.5,2.2,17.4,0.4
2013/8/16,5.49,6,24,20.51,78.9,2.4,17.8,0.4
2013/8/17,5.59,6,24,20.41,78.5,2.2,17.5,0.4
2013/8/18,5.59,6,24,20.41,78.5,2.2,17.8,0.4
2013/8/19,5.59,6,24,20.41,78.5,2.2,17.6,0.4
2013/8/20,5.2,6,24,20.8,80,2,17.8,0.4
2013/8/21,5.59,6,24,20.41,78.5,2.2,17.8,0.4
2013/8/22,5.41,6,24,20.59,79.2,2,17.8,0.4
2013/8/23,5.59,6,24,20.41,78.5,2.2,17.8,0.4
2013/8/24,5.59,6,24,20.41,78.5,2,18,0.4
2013/8/25,5.59,6,24,20.41,78.5,2.3,17.8,0.4
2013/8/26,5.49,6,24,20.51,78.9,2.1,17.9,0.4
2013/8/27,5.59,6,24,20.41,78.5,2.3,18,0.4
2013/8/28,5.43,6,24,20.57,79.1,2.1,18,0.4
2013/8/29,5.49,6,24,20.51,78.9,2.3,18,0.4
2013/8/30,5.41,6,24,20.59,79.2,2.3,17.9,0.4
2013/8/31,5.41,6,24,20.59,79.2,2.2,18,0.4
2013/9/1,5.41,6,24,20.59,79.2,2.2,18,0.4
2013/9/2,5.41,6,24,20.59,79.2,2.1,18,0.4
2013/9/3,5.3,6,24,20.7,79.6,2.1,18,0.4
2013/9/4,5.3,6,24,20.7,79.6,2.2,18,0.4
2013/9/5,5.2,6,24,20.8,80,2.2,18,0.4
2013/9/6,5.3,6,24,20.7,79.6,2.2,18,0.4
2013/9/7,5.41,6,24,20.59,79.2,2.2,18,0.4
2013/9/8,5.2,6,24,20.8,80,2,17.5,0.4
2013/9/9,5.49,6,24,20.51,78.9,2.1,18.1,0.4
2013/9/10,5.59,6,24,20.41,78.5,1.9,17.8,0.4
2013/9/11,5.49,6,24,20.51,78.9,2.2,18,0.4
2013/9/12,5.59,6,24,20.41,78.5,2.3,17.5,0.4
2013/9/13,5.9,6,24,20.1,77.3,2,18,0.4
2013/9/14,5.69,6,24,20.31,78.1,2,17.6,0.5
2013/9/15,5.9,6,24,20.1,77.3,2.3,18.3,0.5
2013/9/16,5.8,6,24,20.2,77.7,2,17.5,0.5
2013/9/17,5.8,6,24,20.2,77.7,2,17.6,0.5
2013/9/18,5.8,6,24,20.2,77.7,2.3,17.6,0.5
2013/9/19,6.01,6,24,19.99,76.9,2.3,18.2,0.5
2013/9/20,5.9,6,24,20.1,77.3,2.2,18.4,0.5
2013/9/21,6.01,6,24,19.99,76.9,2,17.8,0.4
2013/9/22,5.8,6,24,20.2,77.7,2.2,18.2,0.5
2013/9/23,5.69,6,24,20.31,78.1,1.8,17.5,0.4
2013/9/24,5.9,6,24,20.1,77.3,1.8,17.8,0.4
2013/9/25,5.8,6,24,20.2,77.7,2.2,17.8,0.4
2013/9/26,5.69,6,24,20.31,78.1,2.2,18,0.4
2013/9/27,5.9,6,24,20.1,77.3,2.2,17.9,0.4
2013/9/28,5.69,6,24,20.31,78.1,2.1,18,0.4
2013/9/29,5.69,6,24,20.31,78.1,2.1,18,0.4
2013/9/30,5.69,6,24,20.31,78.1,2.2,18,0.4
2013/10/1,5.69,6,24,20.31,78.1,2,18,0.4
2013/10/2,5.69,6,24,20.31,78.1,2.1,18,0.4
2013/10/3,5.69,6,24,20.31,78.1,2,18,0.4
2013/10/4,5.8,6,24,20.2,77.7,2.1,18,0.4
2013/10/5,5.9,6,24,20.1,77.3,2.2,18,0.4
2013/10/6,5.9,6,24,20.1,77.3,2,18.1,0.4
2013/10/7,6.79,6,24,19.21,73.9,2.3,18,0.4
2013/10/8,6.79,6,24,19.21,73.9,2.2,18,0.4
2013/10/9,6.4,6,24,19.6,75.4,2,18,0.4
2013/10/10,5.9,6,24,20.1,77.3,2,17.8,0.4
2013/10/11,5.59,6,24,20.41,78.5,1.9,18.2,0.4
2013/10/12,5.49,6,24,20.51,78.9,2,18,0.4
2013/10/13,5.41,6,24,20.59,79.2,1.9,17.8,0.4
2013/10/14,5.3,6,24,20.7,79.6,2,18,0.4
2013/10/15,5.41,6,24,20.59,79.2,2,7.9,0.4
2013/10/16,5.2,6,24,20.8,80,1.9,18.2,0.4
2013/10/17,5.3,6,24,20.7,79.6,1.9,18.4,0.4
2013/10/18,4.99,6,24,21.01,80.8,1.6,18.6,0.4
2013/10/19,4.89,6,24,21.11,81.2,1.8,18.2,0.4
2013/10/20,5.1,6,24,20.9,80.4,1.8,18,0.4
2013/10/21,4.99,6,24,21.01,80.8,1.8,18.8,0.4
2013/10/22,5.2,6,24,20.8,80,2,18.2,0.4
2013/10/23,4.99,6,24,21.01,80.8,2,18,0.4
2013/10/24,4.89,6,24,21.11,81.2,1.8,18,0.4
2013/10/25,4.89,6,24,21.11,81.2,1.8,17.8,0.4
2013/10/26,5.1,6,24,20.9,80.4,2,18,0.4
2013/10/27,5.3,6,24,20.7,79.6,2,17.8,0.4
2013/10/28,5.49,6,24,20.51,78.9,2,18,0.4
2013/10/29,5.69,6,24,20.31,78.1,2,18.2,0.4
2013/10/30,5.59,6,24,20.41,78.5,2,18,0.4
2013/10/31,5.41,6,24,20.59,79.2,2,18.3,0.4
2013/11/1,5.69,6,24,20.31,78.1,2,18,0.4
2013/11/2,5.9,6,24,20.1,77.3,2.2,18,0.4
2013/11/3,5.69,6,24,20.31,78.1,2.2,18,0.4
2013/11/4,5.41,6,24,20.59,79.2,2,18,0.4
2013/11/5,5.41,6,24,20.59,79.2,2,18,0.4
2013/11/6,5.3,6,24,20.7,79.6,1.8,18,0.4
2013/11/7,5.3,6,24,20.7,79.6,2,18,0.4
2013/11/8,5.3,6,24,20.7,79.6,2,18,0.4
2013/11/9,5.2,6,24,20.8,80,1.8,18.2,0.4
2013/11/10,5.3,6,24,20.7,79.6,2,18.2,0.4
2013/11/11,5.49,6,24,20.51,78.9,2,18,0.4
2013/11/12,5.59,6,24,20.41,78.5,2.2,18.5,0.4
2013/11/13,5.41,6,24,20.59,79.2,2,18,0.4
2013/11/14,5.49,6,24,20.51,78.9,2,18.2,0.4
2013/11/15,5.59,6,24,20.41,78.5,2,18.2,0.4
2013/11/16,5.59,6,24,20.41,78.5,2,18.2,0.4
2013/11/17,5.69,6,24,20.31,78.1,2,18.6,0.4
2013/11/18,5.69,6,24,20.31,78.1,2,18.2,0.4
2013/11/19,5.8,6,24,20.2,77.7,2.2,18,0.4
2013/11/20,5.51,6,24,20.49,78.8,2,18,0.4
2013/11/21,5.51,6,24,20.49,78.8,2,18,0.4
2013/11/22,5.51,6,24,20.49,78.8,2,18.2,0.4
2013/11/23,5.1,6,24,20.9,80.4,2,18,0.4
2013/11/24,5.3,6,24,20.7,79.6,2,18.2,0.4
2013/11/25,5.3,6,24,20.7,79.6,2,18,0.4
2013/11/26,5.2,6,24,20.8,80,2,18,0.4
2013/11/27,5.3,6,24,20.7,79.6,2,18,0.4
2013/11/28,5.3,6,24,20.7,79.6,2,18.2,0.4
2013/11/29,5.41,6,24,20.59,79.2,2,18.2,0.4
2013/11/30,5.3,6,24,20.7,79.6,2,18.2,0.4
2013/12/1,5.41,6,24,20.59,79.2,2,18.2,0.4
2013/12/2,5.49,6,24,20.51,78.9,2.2,18.2,0.4
2013/12/3,4.71,6,24,21.29,81.9,2,18.2,0.4
2013/12/4,4.81,6,24,21.19,81.5,2.2,18.2,0.4
2013/12/5,4.6,6,24,21.4,82.3,2,18.2,0.4
2013/12/6,4.99,6,24,21.01,80.8,2.2,18.2,0.4
2013/12/7,4,6,24,22,84.6,2,18,0.4
2013/12/8,3.9,6,24,22.1,85,2.2,18.6,0.4
2013/12/9,4.11,6,24,21.89,84.2,1.6,18.6,0.4
2013/12/10,4,6,24,22,84.6,2,18.6,0.4
2013/12/11,4,6,24,22,84.6,2,18.2,0.4
2013/12/12,4.5,6,24,21.5,82.7,2.2,18.2,0.4
2013/12/13,4.5,6,24,21.5,82.7,2,18.5,0.4
2013/12/14,4.6,6,24,21.4,82.3,2.2,18.2,0.4
2013/12/15,4.6,6,24,21.4,82.3,2.2,18.2,0.4
2013/12/16,4.5,6,24,21.5,82.7,2,18.2,0.4
2013/12/17,4.71,6,24,21.29,81.9,2,18.5,0.4
2013/12/18,4.71,6,24,21.29,81.9,2,18.2,0.4
2013/12/19,4.71,6,24,21.29,81.9,2,18.2,0.4
2013/12/20,5.1,6,24,20.9,80.4,2.2,18.2,0.4
2013/12/21,4.99,6,24,21.01,80.8,2,18.4,0.4
2013/12/22,5.2,6,24,20.8,80,2.2,18.2,0.4
2013/12/23,5.2,6,24,20.8,80,2,18.5,0.4
2013/12/24,5.2,6,24,20.8,80,2.2,18.6,0.4
2013/12/25,5.2,6,24,20.8,80,2.2,18.6,0.4
2013/12/26,5.2,6,24,20.8,80,2.2,18.6,0.4
2013/12/27,5.2,6,24,20.8,80,2,18.6,0.4
2013/12/28,5.2,6,24,20.8,80,2,18.6,0.4
2013/12/29,5.2,6,24,20.8,80,2,18.6,0.4
2013/12/30,5.3,6,24,20.7,79.6,2,18.3,0.4
2013/12/31,5.41,6,24,20.59,79.2,2,18.6,0.4
2014/1/1,5.49,6,24,20.51,78.9,2.1,18.6,0.4
2014/1/2,5.2,6,24,20.8,80,2,18.3,0.4
2014/1/3,5.49,6,24,20.51,78.9,2.2,18.6,0.4
2014/1/4,5.41,6,24,20.59,79.2,2,18.6,0.4
2014/1/5,5.49,6,24,20.51,78.9,2.2,18.6,0.4
2014/1/6,5.49,6,24,20.51,78.9,2,18.6,0.4
2014/1/7,5.59,6,24,20.41,78.5,2,18.8,0.4
2014/1/8,5.8,6,24,20.2,77.7,2.2,18.6,0.4
2014/1/9,4.5,6,24,21.5,82.7,1.8,18.8,0.4
2014/1/10,5.69,6,24,20.31,78.1,2.2,18.8,0.5
2014/1/11,5.69,6,24,20.31,78.1,2.1,18.8,0.5
2014/1/12,5.69,6,24,20.31,78.1,1.9,18.8,0.5
2014/1/13,5.59,6,24,20.41,78.5,2,18.4,0.5
2014/1/14,5.59,6,24,20.41,78.5,1.8,19.4,0.5
2014/1/15,5.8,6,24,20.2,77.7,2.2,19.5,0.5
2014/1/16,5.69,6,24,20.31,78.1,1.6,19,0.5
2014/1/17,5.8,6,24,20.2,77.7,2.3,19.5,0.5
2014/1/18,5.51,6,24,20.49,78.8,1.8,18.5,0.5
2014/1/19,5.69,6,24,20.31,78.1,1.8,19.5,0.5
2014/1/20,5.8,6,24,20.2,77.7,2.3,19.5,0.5
2014/1/21,5.8,6,24,20.2,77.7,1.6,18.8,0.5
2014/1/22,6.01,6,24,19.99,76.9,2.3,19.3,0.5
2014/1/23,5.9,6,24,20.1,77.3,1.5,18.5,0.5
2014/1/24,5.9,6,24,20.1,77.3,1.8,18.9,0.6
2014/1/25,6.11,6,24,19.89,76.5,2.3,18.9,0.6
2014/1/26,6.11,6,24,19.89,76.5,1.6,18.5,0.6
2014/1/27,6.01,6,24,19.99,76.9,2.3,19.2,0.6
2014/1/28,5.9,6,24,20.1,77.3,1.8,18.4,0.6
2014/1/29,5.9,6,24,20.1,77.3,1.9,19.2,0.6
2014/1/30,6.01,6,24,19.99,76.9,2.4,19.2,0.6
2014/1/31,5.9,6,24,20.1,77.3,1.5,18.6,0.6
2014/2/1,6.01,6,24,19.99,76.9,1.6,18.8,0.6
2014/2/2,6.11,6,24,19.89,76.5,2.1,19,0.6
2014/2/3,6.01,6,24,19.99,76.9,1.8,19.2,0.6
2014/2/4,6.11,6,24,19.89,76.5,1.8,19.2,0.6
2014/2/5,5.9,6,24,20.1,77.3,2,18.8,0.6
2014/2/6,5.69,6,24,20.31,78.1,1.8,18.8,0.6
2014/2/7,5.69,6,24,20.31,78.1,2,19.6,0.6
2014/2/8,5.69,6,24,20.31,78.1,1.7,18.5,0.6
2014/2/9,5.8,6,24,20.2,77.7,2.1,19.9,0.6
2014/2/10,5.8,6,24,20.2,77.7,2.1,18.9,0.6
2014/2/11,5.69,6,24,20.31,78.1,1.8,19.2,0.6
2014/2/12,5.9,6,24,20.1,77.3,2.3,19.2,0.5
2014/2/13,5.9,6,24,20.1,77.3,1.8,18.6,0.5
2014/2/14,6.01,6,24,19.99,76.9,2,19.8,0.6
2014/2/15,6.01,6,24,19.99,76.9,2.3,18.8,0.6
2014/2/16,6.01,6,24,19.99,76.9,1.5,19,0.6
2014/2/17,6.01,6,24,19.99,76.9,2.2,19.1,0.6
2014/2/18,6.11,6,24,19.89,76.5,2.2,19.1,0.6
2014/2/19,6.01,6,24,19.99,76.9,1.5,19.6,0.6
2014/2/20,6.01,6,24,19.99,76.9,2.3,18.8,0.6
2014/2/21,5.9,6,24,20.1,77.3,1.5,18.9,0.6
2014/2/22,5.8,6,24,20.2,77.7,2.3,20.1,0.6
2014/2/23,5.9,6,24,20.1,77.3,2.2,18.6,0.6
2014/2/24,5.8,6,24,20.2,77.7,1.8,19.8,0.6
2014/2/25,6.01,6,24,19.99,76.9,2.2,19.6,0.6
2014/2/26,5.9,6,24,20.1,77.3,1.8,18.6,0.6
2014/2/27,5.8,6,24,20.2,77.7,1.8,9.7,0.7
2014/2/28,5.69,6,24,20.31,78.1,2.3,18.6,0.6
2014/3/1,5.8,6,24,20.2,77.7,1.4,19.3,0.6
2014/3/2,5.69,6,24,20.31,78.1,2,20.1,0.6
2014/3/3,5.59,6,24,20.41,78.5,1.8,18.5,0.6
2014/3/4,5.41,6,24,20.59,79.2,1.3,20,0.6
2014/3/5,5.3,6,24,20.7,79.6,2.3,18.8,0.6
2014/3/6,5.41,6,24,20.59,79.2,1.3,18.8,0.6
2014/3/7,5.3,6,24,20.7,79.6,2,20.1,0.4
2014/3/8,5.3,6,24,20.7,79.6,2,19.4,0.4
2014/3/9,5.41,6,24,20.59,79.2,2,18.8,0.4
2014/3/10,5.3,6,24,20.7,79.6,1.3,18.1,0.4
2014/3/11,5.3,6,24,20.7,79.6,2.1,20.1,0.4
2014/3/12,5.3,6,24,20.7,79.6,2.1,18.2,0.4
2014/3/13,5.3,6,24,20.7,79.6,1.3,19.8,0.4
2014/3/14,5.3,6,24,20.7,79.6,2.3,19,0.4
2014/3/15,5.41,6,24,20.59,79.2,1.5,18.8,0.4
2014/3/16,5.3,6,24,20.7,79.6,2.2,20.4,0.4
2014/3/17,5.3,6,24,20.7,79.6,2,18.9,0.4
2014/3/18,5.3,6,24,20.7,79.6,1.2,19.8,0.4
2014/3/19,5.3,6,24,20.7,79.6,2.3,20.3,0.4
2014/3/20,5.3,6,24,20.7,79.6,1.5,18.1,0.4
2014/3/21,5.3,6,24,20.7,79.6,1.4,21,0.4
2014/3/22,5.41,6,24,20.59,79.2,2.3,19.8,0.4
2014/3/23,5.49,6,24,20.51,78.9,1.9,18.2,0.4
2014/3/24,5.41,6,24,20.59,79.2,2.1,19.8,0.4
2014/3/25,5.49,6,24,20.51,78.9,2.5,18.8,0.4
2014/3/26,5.49,6,24,20.51,78.9,1.5,19.7,0.4
2014/3/27,5.59,6,24,20.41,78.5,2.4,20.8,0.4
2014/3/28,5.69,6,24,20.31,78.1,2.2,18.2,0.4
2014/3/29,5.69,6,24,20.31,78.1,1.8,19.2,0.4
2014/3/30,5.8,6,24,20.2,77.7,2.3,21,0.4
2014/3/31,5.8,6,24,20.2,77.7,2.2,18.7,0.4
2014/4/1,5.8,6,24,20.2,77.7,1.8,20.3,0.4
2014/4/2,5.9,6,24,20.1,77.3,2.3,20.1,0.4
2014/4/3,5.9,6,24,20.1,77.3,2.2,19,0.4
2014/4/4,5.69,6,24,20.31,78.1,1,22,0.4
2014/4/5,5.59,6,24,20.41,78.5,1.2,22.1,0.3
2014/4/6,5.59,6,24,20.41,78.5,1.2,19,0.2
2014/4/7,5.51,6,24,20.49,78.8,1.4,20,0.4
2014/4/8,5.59,6,24,20.41,78.5,2.1,21,0.4
2014/4/9,5.49,6,24,20.51,78.9,2,20.4,0.4
2014/4/10,5.49,6,24,20.51,78.9,2,21.8,0.4
2014/4/11,5.49,6,24,20.51,78.9,2.2,21,0.4
2014/4/12,5.59,6,24,20.41,78.5,2,21,0.4
2014/4/13,5.41,6,24,20.59,79.2,1.8,21.8,0.4
2014/4/14,5.59,6,24,20.41,78.5,2.4,20.8,0.4
2014/4/15,5.51,6,24,20.49,78.8,2,21.8,0.4
2014/4/16,5.41,6,24,20.59,79.2,2.1,21,0.4
2014/4/17,5.41,6,24,20.59,79.2,2,21,0.4
2014/4/18,5.41,6,24,20.59,79.2,1.8,20,0.4
2014/4/19,5.41,6,24,20.59,79.2,2,20,0.4
2014/4/20,5.3,6,24,20.7,79.6,2.2,22,0.4
2014/4/21,5.3,6,24,20.7,79.6,2.1,20,0.4
2014/4/22,5.3,6,24,20.7,79.6,2.2,22,0.4
2014/4/23,5.41,6,24,20.59,79.2,2.3,21.6,0.4
2014/4/24,5.3,6,24,20.7,79.6,2.2,21,0.4
2014/4/25,5.23,6,24,20.77,79.9,2,21,0.4
2014/4/26,5.49,6,24,20.51,78.9,2.1,21.2,0.4
2014/4/27,5.59,6,24,20.41,78.5,2.2,21,0
2014/4/28,5.59,6,24,20.41,78.5,2.1,21,0
2014/4/29,5.69,6,24,20.31,78.1,2.2,21.2,0.4
2014/4/30,5.59,6,24,20.41,78.5,2.4,21.3,0.4
2014/5/1,5.59,6,24,20.41,78.5,2.1,21.2,0.4
2014/5/2,5.69,6,24,20.31,78.1,2.2,22,0.4
2014/5/3,5.59,6,24,20.41,78.5,2.2,20.2,0.4
2014/5/4,5.51,6,24,20.49,78.8,2.3,21,0.4
2014/5/5,5.41,6,24,20.59,79.2,2.5,21.2,0.4
2014/5/6,5.41,6,24,20.59,79.2,2.2,21.2,0.4
2014/5/7,5.49,6,24,20.51,78.9,2.4,20.9,0.4
2014/5/8,5.41,6,24,20.59,79.2,2.5,21,0.4
2014/5/9,5.49,6,24,20.51,78.9,2.4,21.3,0.4
2014/5/10,5.41,6,24,20.59,79.2,2.3,21.2,0.4
2014/5/11,5.41,6,24,20.59,79.2,2.4,20.8,0.4
2014/5/12,5.49,6,24,20.51,78.9,2.5,21.2,0.4
2014/5/13,5.59,6,24,20.41,78.5,2.2,21.2,0.4
2014/5/14,5.59,6,24,20.41,78.5,2.4,20.4,0.4
2014/5/15,5.59,6,24,20.41,78.5,2.2,22,0.4
2014/5/16,5.59,6,24,20.41,78.5,2,22,0.4
2014/5/17,5.69,6,24,20.31,78.1,2,22,0.4
2014/5/18,5.69,6,24,20.31,78.1,2,22,0.4
2014/5/19,5.59,6,24,20.41,78.5,2,22,0.4
2014/5/20,5.59,6,24,20.41,78.5,2,22,0.4
2014/5/21,5.49,6,24,20.51,78.9,2,21,0.4
2014/5/22,5.41,6,24,20.59,79.2,2,22,0.4
2014/5/23,5.41,6,24,20.59,79.2,1.9,21.6,0.4
2014/5/24,5.41,6,24,20.59,79.2,2,22,0.4
2014/5/25,5.51,6,24,20.49,78.8,2,22,0.4
2014/5/26,5.41,6,24,20.59,79.2,2,22,0.4
2014/5/27,5.49,6,24,20.51,78.9,2,21.8,0.4
2014/5/28,5.59,6,24,20.41,78.5,2,21,0.4
2014/5/29,5.59,6,24,20.41,78.5,2,22,0.4
2014/5/30,5.51,6,24,20.49,78.8,2,22,0.4
2014/5/31,5.41,6,24,20.59,79.2,2,21,0.4
2014/6/1,5.41,6,24,20.59,79.2,2,22,0.4
2014/6/2,5.41,6,24,20.59,79.2,2,21,0.3
2014/6/3,5.41,6,24,20.59,79.2,2,21,0.3
2014/6/4,5.3,6,24,20.7,79.6,2,21,0.3
2014/6/5,5.3,6,24,20.7,79.6,2,21,0.3
2014/6/6,5.2,6,24,20.8,80,1.8,21.2,0.3
2014/6/7,5.3,6,24,20.7,79.6,2,22,0.3
2014/6/8,5.41,6,24,20.59,79.2,2,22,0.3
2014/6/9,5.49,6,24,20.51,78.9,1.8,21,0.3
2014/6/10,5.49,6,24,20.51,78.9,2,21.4,0.3
2014/6/11,5.49,6,24,20.51,78.9,2.4,22,0.3
2014/6/12,5.49,6,24,20.51,78.9,2,22,0.4
2014/6/13,4,6,24,22,84.6,1.8,22,0.2
2014/6/14,5.89,6,24,21.11,78.2,2,22,0.4
2014/6/15,5.86,6,24,21.14,78.3,2,21.8,0.4
2014/6/16,6.94,6,24,25.06,78.3,2.2,22,0.4
2014/6/17,5.62,6,24,20.38,78.4,2.2,21,0.4
2014/6/18,5.64,6,24,21.36,79.1,2,21,0.4
2014/6/19,5.83,6,24,18.17,75.7,2,22,0.4
2014/6/20,6.02,6,24,21.98,78.5,2,22,0.4
2014/6/21,6.21,6,24,22.79,78.6,2.2,22,0.4
2014/6/22,5.92,6,24,19.08,76.3,2.2,21.8,0.4
2014/6/23,5.82,6,24,17.18,74.7,2,21,0.4
2014/6/24,5.85,6,24,16.15,73.4,2,21,0.4
2014/6/25,5.97,6,24,19.03,76.1,2,21,0.4
2014/6/26,5.6,6,24,22.4,80,1.4,21,0.3
2014/6/27,4.56,6,24,16.44,78.3,1.3,22.6,0.2
2014/6/28,4.77,6,24,17.23,78.3,2.2,22,0.4
2014/6/29,4.56,6,24,16.44,78.3,2,21.6,0.3
2014/6/30,4.34,6,24,15.66,78.3,1.2,22,0.3
2014/7/1,4.77,6,24,17.23,78.3,2.2,22,0.4
2014/7/2,4.56,6,24,16.44,78.3,2,22,0.3
2014/7/3,4.32,6,24,15.68,78.4,2,22,0.4
2014/7/4,4.75,6,24,17.25,78.4,2,22,0.3
2014/7/5,4.54,6,24,16.46,78.4,2,21.8,0.3
2014/7/6,4.75,6,24,17.25,78.4,2,22,0.3
2014/7/7,4.77,6,24,17.23,78.3,2,22,0.3
2014/7/8,4.99,6,24,18.01,78.3,1.8,22,0.3
2014/7/9,4.77,6,24,17.23,78.3,2,22,0.3
2014/7/10,4.77,6,24,17.23,78.3,2,23,0.3
2014/7/11,4.56,6,24,16.44,78.3,1.8,22,0.3
2014/7/12,4.56,6,24,16.44,78.3,1.8,21.2,0.3
2014/7/13,4.77,6,24,17.23,78.3,2,22,0.3
2014/7/14,4.12,6,24,14.88,78.3,1.8,22,0.3
2014/7/15,4.73,6,24,17.27,78.5,1.8,22,0.3
2014/7/16,4.73,6,24,17.27,78.5,2,22,0.3
2014/7/17,4.73,6,24,17.27,78.5,2,22,0.3
2014/7/18,4.94,6,24,18.06,78.5,2.2,22,0.4
2014/7/19,4.94,6,24,18.06,78.5,2.1,22,0.4
2014/7/20,4.24,6,24,15.76,78.8,1.8,21.2,0.3
2014/7/21,4.69,6,24,17.31,78.7,2,22.4,0.4
2014/7/22,4.69,6,24,17.31,78.7,2,22,0.4
2014/7/23,4.9,6,24,18.1,78.7,1.8,21.4,0.3
2014/7/24,4.94,6,24,18.06,78.5,2,22,0.4
2014/7/25,4.97,6,24,18.03,78.4,2,22,0.4
2014/7/26,4.73,6,24,17.27,78.5,1.8,21.4,0.3
2014/7/27,4.97,6,24,18.03,78.4,2,22.1,0.4
2014/7/28,5.21,6,24,18.79,78.3,2,20,0.3
2014/7/29,5.21,6,24,18.79,78.3,1.6,21,0.2
2014/7/30,4.77,6,24,17.23,78.3,2.4,21.8,0.4
2014/7/31,5.18,6,24,18.82,78.4,1.8,21.8,0.3
2014/8/1,5.4,6,24,19.6,78.4,2.2,21.8,0.3
2014/8/2,5.37,6,24,19.63,78.5,2.6,22,0.3
2014/8/3,5.37,6,24,19.63,78.5,2.6,21.8,0.3
2014/8/4,4.94,6,24,18.06,78.5,1.8,21.6,0.3
2014/8/5,4.71,6,24,17.29,78.6,2.8,22,0.3
