date,OT,1,2,3,4,5
2011/8/31,17.27,24,1.73,13.2,26.5,11.3
2011/9/1,23.63,24,2.37,9.9,21.4,0.4
2011/9/2,23.63,24,2.37,9.9,20.4,0.4
2011/9/3,25.64,24,0.36,9.8,20.4,0.4
2011/9/4,24.62,24,0.38,9.8,20.4,0.4
2011/9/5,26.59,24,0.41,9.8,20.3,0.4
2011/9/6,26.59,24,0.41,9.8,20.4,0.4
2011/9/7,17.17,24,9.83,9.8,20.4,0.4
2011/9/8,16.77,24,10.23,9.8,20.3,0.4
2011/9/9,17.17,24,11.83,9.8,20.2,0.4
2011/9/10,14.66,24,11.34,8.8,20.2,0.4
2011/9/11,12.47,23.83,10.53,9,23,0.4
2011/9/12,9.99,24,9.01,10.8,24.5,0.4
2011/9/13,9.99,24,9.01,10.8,24.2,0.4
2011/9/14,11.73,24,10.27,10.8,24.2,0.4
2011/9/15,11.42,24,10.58,11,24,0.4
2011/9/16,10.34,24,9.66,10.8,24,0.4
2011/9/17,12.12,24,10.88,10.8,24,0.4
2011/9/18,11.68,24,11.32,10.8,24,0.4
2011/9/19,12.1,24,10.9,10.8,24,0.4
2011/9/20,11.59,24,11.41,10.8,24,0.4
2011/9/21,11.4,24,10.6,10.8,24,0.4
2011/9/22,11.13,24,9.87,10.4,24.2,0.3
2011/9/23,11.91,24,11.09,10.4,24.2,0.3
2011/9/24,11.59,24,10.41,10.4,24.2,0.3
2011/9/25,11.02,24,9.98,10.4,24.3,0.3
2011/9/26,12.49,24,10.51,10.4,24.3,0.3
2011/9/27,11.09,24,9.91,10.4,24.2,0.3
2011/9/28,11.55,24,10.45,10.4,24.2,0.3
2011/9/29,11.92,24,10.08,10.5,24.1,0.3
2011/9/30,11.91,24,11.09,10.2,24.2,0.3
2011/10/1,11.55,24,10.45,10.2,24.2,0.3
2011/10/2,11.02,24,9.98,10,24.1,0.3
2011/10/3,12.19,24,10.81,10.2,24.2,0.3
2011/10/4,11.05,24,9.95,10.2,24.2,0.3
2011/10/5,11.15,24,9.85,10.2,24.2,0.3
2011/10/6,11.05,24,9.95,10.2,24.2,0.3
2011/10/7,11.24,24,10.76,10,24.6,0.2
2011/10/8,10.92,24,10.08,10.2,24.6,0.2
2011/10/9,10.73,24,10.27,10,24.7,0.2
2011/10/10,11.35,24,10.65,10.1,24.7,0.2
2011/10/11,10.33,24,10.67,10,24.7,0.3
2011/10/12,9.74,24,11.26,10,24.8,0.3
2011/10/13,10.16,24,10.84,10,24.8,0.2
2011/10/14,10.79,23.67,12.21,10,25,0.2
2011/10/15,10.74,24,11.26,10,24.5,0.3
2011/10/16,11.04,24,10.96,10,24.5,0.3
2011/10/17,10.54,24,10.46,10,24.5,0.3
2011/10/18,10.54,24,10.46,10,24.8,3
2011/10/19,10.54,24,10.46,10,24.8,3
2011/10/20,10.1,24,10.9,10,24.8,0.2
2011/10/21,10.63,24,11.37,9.9,24.8,0.2
2011/10/22,10.82,24,11.18,9.9,24.8,0.3
2011/10/23,10.29,24,10.71,9.9,24.8,0.3
2011/10/24,10.58,24,11.42,9.9,24.8,0.3
2011/10/25,10.6,24,11.4,9.8,24.8,0.2
2011/10/26,10.67,24,11.33,9.8,24.8,0.2
2011/10/27,10.12,24,10.88,9.8,24.8,0.2
2011/10/28,10.31,24,10.69,9.8,24.9,0.2
2011/10/29,10.63,24,11.37,9.8,24.9,0.2
2011/10/30,10.16,24,10.84,9.8,24.9,0.2
2011/10/31,10.08,24,10.92,9.8,24.8,0.2
2011/11/1,10.6,24,11.4,9.7,24.8,0.3
2011/11/2,10.63,24,11.37,9.7,24.8,0.3
2011/11/3,9.54,24,10.46,9.7,24.8,0.3
2011/11/4,10.18,24,10.82,9.7,24.8,0.3
2011/11/5,10.6,24,11.4,9.7,24.8,0.3
2011/11/6,10.56,24,11.44,9.8,24.9,0.3
2011/11/7,9.29,24,9.71,9.8,24.9,0.3
2011/11/8,11.32,24,11.68,9.7,24.9,0.3
2011/11/9,10.71,24,11.29,9.7,24.9,0.3
2011/11/10,10.12,24,10.88,9.7,24.9,0.3
2011/11/11,9.12,24,9.88,9.8,24.9,0.3
2011/11/12,10.14,24,10.86,9.8,24.9,0.2
2011/11/13,10.54,24,11.46,9.6,24.9,0.2
2011/11/14,10.18,24,10.82,9.6,24.9,0.2
2011/11/15,9.64,24,10.36,9.8,24.7,0.2
2011/11/16,10.41,24,11.59,9.7,25,0.2
2011/11/17,9.48,24,10.52,9.7,25,0.2
2011/11/18,9.97,24,11.03,9.3,25,0.2
2011/11/19,9.42,24,10.58,9.7,25,0.2
2011/11/20,10.83,24,12.17,9.7,25,0.2
2011/11/21,9.97,24,11.03,9.8,25,0.2
2011/11/22,10.83,24,12.17,9.8,25.1,0.2
2011/11/23,10.38,24,11.62,9.7,25.1,0.2
2011/11/24,9.87,24,11.13,9.7,25,0.2
2011/11/25,10.83,24,12.17,9.7,25,0.2
2011/11/26,10.32,24,11.68,9.4,24.6,0.2
2011/11/27,9.87,24,11.13,9.7,24.7,0.2
2011/11/28,10.38,24,11.62,9.5,24.8,0.2
2011/11/29,9.81,24,11.19,9.6,24.9,0.3
2011/11/30,10.21,24,11.79,9.5,24.9,0.2
2011/12/1,10.72,24,12.28,9.6,25,0.2
2011/12/2,9.62,24,11.38,9.4,25,0.2
2011/12/3,9.51,24,11.49,9.6,25,0.2
2011/12/4,10.35,24,12.65,9.6,25,0.2
2011/12/5,9.81,24,12.19,9.6,25,0.2
2011/12/6,9.79,24,12.21,9.4,25,0.2
2011/12/7,9.43,24,11.57,9.5,25.1,0.3
2011/12/8,9.39,24,11.61,9.5,25.1,0.2
2011/12/9,9.45,24,11.55,9.5,25.1,0.3
2011/12/10,9.24,24,11.76,9.5,25.1,0.2
2011/12/11,9.09,24,11.91,9.5,25.1,0.2
2011/12/12,9.03,24,11.97,9.5,25.1,0.3
2011/12/13,9.39,24,12.61,9.5,25.1,0.2
2011/12/14,9.03,24,11.97,9.5,25.1,0.2
2011/12/15,9.48,24,12.52,9.5,25.1,0.2
2011/12/16,9.37,24,12.63,9.5,25.1,0.2
2011/12/17,9.16,24,11.84,9.4,25.2,0.3
2011/12/18,9.2,24,11.8,9.4,25.2,0.3
2011/12/19,8.68,24,11.32,9.4,25.2,0.3
2011/12/20,9.24,24,11.76,9.4,25.2,0.2
2011/12/21,9.07,24,11.93,9.4,25.2,0.2
2011/12/22,9.01,24,11.99,9.4,25.2,0.2
2011/12/23,8.92,23.75,12.08,9.4,25.2,0.2
2011/12/24,8.84,24,12.16,9.2,24.8,0.2
2011/12/25,8.97,24,12.03,9.3,25,0.3
2011/12/26,8.84,24,12.16,9.3,25,0.2
2011/12/27,9.17,24,12.83,9.3,25,0.2
2011/12/28,8.69,24,12.31,9.3,25.1,0.2
2011/12/29,8.74,24,12.26,9.3,25.1,0.2
2011/12/30,8.3,24,11.7,9.3,25.1,0.2
2011/12/31,8.71,24,12.29,9.3,25.1,0.2
2012/1/1,8.63,24,12.37,9.3,25.1,0.2
2012/1/2,8.67,24,12.33,9.3,25.1,0.2
2012/1/3,8.16,24,11.84,9.3,25.1,0.3
2012/1/4,8.63,24,12.37,9.2,25.1,0.3
2012/1/5,8.46,24,12.54,9.2,25.1,0.3
2012/1/6,8.91,24,13.09,9.2,25.2,0.3
2012/1/7,8.82,24,13.18,9.2,25.2,0.2
2012/1/8,8.5,24,12.5,9.2,25.2,0.2
2012/1/9,8.53,24,12.47,9.2,25.2,0.2
2012/1/10,8.82,24,13.18,9.2,25.2,0.3
2012/1/11,8.59,24,12.41,9.2,25.2,0.3
2012/1/12,8.89,24,13.11,9.2,25.2,0.3
2012/1/13,8.48,24,12.52,9.2,25.2,0.3
2012/1/14,8.44,24,12.56,9.2,25.2,0.3
2012/1/15,8,24,12,9.2,25.3,0.2
2012/1/16,8.4,24,12.6,9.2,25.3,0.3
2012/1/17,8.76,24,12.24,9.2,25.3,0.3
2012/1/18,8.59,24,12.41,9.2,25.2,0.2
2012/1/19,8,24,12,9.2,26,0.3
2012/1/20,8.57,24,12.43,9.6,25.4,0.3
2012/1/21,8.44,24,12.56,9,25.2,0.2
2012/1/22,8.57,24,12.43,9.1,25.2,0.2
2012/1/23,8.93,24,13.07,9.1,25.2,0.2
2012/1/24,8.46,24,12.54,9.1,25.2,0.2
2012/1/25,8.38,24,12.62,9.2,25.2,0.2
2012/1/26,8.71,24,13.29,9.2,25.2,0.2
2012/1/27,8.25,24,12.75,9.2,25.2,0.2
2012/1/28,8.29,24,12.71,9.2,25.2,0.2
2012/1/29,8.34,24,12.66,9.2,25.3,0.2
2012/1/30,8.67,24,13.33,9,25.3,0.2
2012/1/31,8.34,24,12.66,9,25.3,0.2
2012/2/1,8.21,24,12.79,9,25.3,0.2
2012/2/2,7.92,24,13.08,9.2,25.3,0.2
2012/2/3,7.98,24,13.02,9.1,25.3,0.2
2012/2/4,7.96,24,13.04,9,25.3,0.2
2012/2/5,7.75,24,13.25,9.1,25.3,0.2
2012/2/6,7.58,24,13.42,9,25.3,0.2
2012/2/7,7.56,24,13.44,9.2,25.3,0.2
2012/2/8,7.6,24,13.4,9,25.3,0.3
2012/2/9,7.77,24,14.23,8.8,25.4,0.3
2012/2/10,7.66,24,14.34,8,25.4,0.3
2012/2/11,7.68,24,14.32,8.8,25.4,0.3
2012/2/12,7.33,24,13.67,8.7,25.4,0.3
2012/2/13,7.24,24,13.76,8.5,25.4,0.3
2012/2/14,7.18,24,13.82,8.5,25.3,0.4
2012/2/15,10.18,23.75,18.82,7.5,19.8,0.3
2012/2/16,8.47,24,20.53,6.3,20.4,0.3
2012/2/17,8.61,24,20.39,6.8,20.4,0.3
2012/2/18,14.32,24,28.68,6.7,20.7,0.3
2012/2/19,17.01,24,29.99,6.7,20.8,0.3
2012/2/20,11.45,24,17.55,6.5,20.8,0.3
2012/2/21,11.2,24,16.8,6.5,20.8,0.3
2012/2/22,10.53,24,17.47,6.5,20.8,0.3
2012/2/23,10.91,24,16.09,6.5,20.8,0.3
2012/2/24,11.34,24,16.66,6.5,20.8,0.3
2012/2/25,10.48,24,16.52,6.5,20.8,0.3
2012/2/26,11.09,24,16.91,6.5,20.8,0.3
2012/2/27,10.02,24,16.98,6.5,20.8,0.3
2012/2/28,10.92,24,17.08,6.5,20.8,0.3
2012/2/29,10.23,24,16.77,6.5,20.8,0.3
2012/3/1,0.74,3,1.26,6.5,20.8,0.3
2012/3/2,0,0,0,0,40.8,0
2012/3/3,0,0,0,0,40.8,0
2012/3/4,0,0,0,0,40.8,0
2012/3/5,13.43,21.25,22.57,7,19.6,0.3
2012/3/6,9.52,24,15.48,6.5,21.8,0.3
2012/3/7,11.89,24,17.11,6,21.2,0.3
2012/3/8,10.85,24,16.15,6,21.2,0.3
2012/3/9,10.78,24,17.22,6,21,0.3
2012/3/10,10.19,24,17.81,6,21,0.3
2012/3/11,10.68,24,19.32,6,20.8,0.3
2012/3/12,9,24,15,6,20.8,0.3
2012/3/13,10.47,24,17.53,6,20.8,0.3
2012/3/14,9.75,24,16.25,6,20.8,0.3
2012/3/15,10.5,24,17.5,6,20.8,0.3
2012/3/16,9.86,24,18.14,6,20.2,0.3
2012/3/17,10.18,24,16.82,6,20.4,0.3
2012/3/18,10.44,23.42,17.56,6.5,20.6,0.3
2012/3/19,9.96,24,17.04,6,20.2,0.3
2012/3/20,10.5,24,16.5,6,20,0.3
2012/3/21,10.5,24,16.5,6,20,0.3
2012/3/22,10.73,24,18.27,6,20,0.3
2012/3/23,9.88,24,17.12,6,20,0.2
2012/3/24,10.61,24,17.39,6,20,0.3
2012/3/25,9.77,24,17.23,6.4,20,0.3
2012/3/26,10.07,24,16.93,6.8,20,0.3
2012/3/27,9.96,24,17.04,6.8,20,0.3
2012/3/28,10.67,24,17.33,6.6,20,0.3
2012/3/29,10.64,24,17.36,6.7,19.5,0.3
2012/3/30,9.86,24,18.14,6.8,19.6,0.3
2012/3/31,9.27,24,18.73,6.5,19.6,0.3
2012/4/1,10.05,24,17.95,6.8,19.5,0.3
2012/4/2,10.11,24,15.89,6.6,19.5,0.3
2012/4/3,10.39,24,16.61,6.7,19.5,0.2
2012/4/4,10.56,24,16.44,6.6,19.6,0.3
2012/4/5,9.83,24,17.17,6.7,19.5,0.3
2012/4/6,10.83,24,16.17,6.6,19.6,0.3
2012/4/7,10.96,24,16.04,6.5,19.6,0.3
2012/4/8,10.02,24,16.98,6,19.6,0.3
2012/4/9,10.21,24,16.79,6,19.5,0.3
2012/4/10,10.45,24,16.55,6,19.6,0.4
2012/4/11,9.75,24,16.25,6,19.6,0.3
2012/4/12,9.88,24,17.12,6.1,19.6,0.3
2012/4/13,10.26,24,16.74,5.8,19.5,0.3
2012/4/14,10.34,24,16.66,5.7,19.5,0.3
2012/4/15,10.18,24,16.82,6.1,19.5,0.3
2012/4/16,9.88,24,16.12,5.8,19.4,0.3
2012/4/17,9.56,24,17.44,6,19.7,0.3
2012/4/18,10.15,24,16.85,5.5,19.6,0.3
2012/4/19,9.91,24,16.09,5.6,19.6,0.3
2012/4/20,10.53,24,16.47,5.9,19.5,0.2
2012/4/21,10.45,24,16.55,6.1,19.5,0.3
2012/4/22,10.3,24,15.7,5.6,19.4,0.3
2012/4/23,10.48,24,16.52,5.5,19.4,0.3
2012/4/24,9.35,24,15.65,6,19.4,0.3
2012/4/25,10.66,24,15.34,6,19.4,0.3
2012/4/26,9.62,24,15.38,6,19.4,0.3
2012/4/27,9.31,24,16.69,6,19.4,0.3
2012/4/28,10.11,24,17.89,6,19.4,0.3
2012/4/29,9.3,24,15.7,6,19.4,0.3
2012/4/30,10.32,24,15.68,6,19.4,0.3
2012/5/1,10.8,24,16.2,6,19.4,0.3
2012/5/2,10.53,24,16.47,6,19.4,0.3
2012/5/3,9.75,24,16.25,6,19.4,0.3
2012/5/4,10,24,15,6,19.4,0.3
2012/5/5,10.89,24,17.11,6,19.4,0.3
2012/5/6,9.77,24,17.23,6,19.4,0.3
2012/5/7,9.75,24,16.25,6,19.6,0.3
2012/5/8,10.48,24,16.52,6,19.6,0.3
2012/5/9,10.4,24,15.6,6,19.6,0.3
2012/5/10,9.77,24,15.23,6,19.6,0.3
2012/5/11,9.88,24,16.12,6,19.8,0.3
2012/5/12,10.11,24,15.89,6,19.5,0.3
2012/5/13,10.27,24,15.73,5.6,19.8,0.3
2012/5/14,9.49,24,16.51,5.6,19.8,0.3
2012/5/15,9.41,24,16.59,6,19.8,0.3
2012/5/16,9.36,24,16.64,6,19.6,0.3
2012/5/17,10.26,24,16.74,5.6,19.6,0.3
2012/5/18,8.32,23.08,23.68,5.6,19.6,0.3
2012/5/19,7.35,24,13.65,6,24,0.3
2012/5/20,7.35,24,13.65,8,24.2,0.3
2012/5/21,7.35,24,13.65,7.8,24.5,0.3
2012/5/22,7.35,24,13.65,7.9,24.5,0.3
2012/5/23,7.35,24,13.65,7.5,24.8,0.3
2012/5/24,7.35,23.5,13.65,9.5,27,0.3
2012/5/25,7.35,24,13.65,9.5,24.6,0.3
2012/5/26,7.35,24,13.65,10,24.6,0.3
2012/5/27,7.35,24,13.65,9.5,24.6,0.3
2012/5/28,7.35,24,13.65,9.5,24.6,0.3
2012/5/29,7.35,24,13.65,9.6,24.9,0.3
2012/5/30,7.35,24,13.65,9.5,24.9,0.3
2012/5/31,7.35,24,13.65,9.5,25,0.3
2012/6/1,7.35,24,13.65,9.5,25,0.3
2012/6/2,7.35,24,13.65,9.6,25,0.4
2012/6/3,7.35,24,13.65,9.5,25,0.3
2012/6/4,7.35,24,13.65,9.5,25,0.3
2012/6/5,7.35,24,13.65,9.5,25,0.2
2012/6/6,7.35,24,13.65,9.6,25,0.3
2012/6/7,7.35,24,13.65,9.5,25,0.3
2012/6/8,7.35,24,13.65,9.8,25,0.3
2012/6/9,7.35,24,13.65,9.8,25,0.3
2012/6/10,7.35,24,13.65,9.8,25,0.3
2012/6/11,7.35,24,13.65,9.8,25,0.3
2012/6/12,7.35,24,13.65,9.8,25,0.3
2012/6/13,7.35,24,13.65,9.8,25,0.3
2012/6/14,7.35,24,13.65,9.8,25,0.3
2012/6/15,7.35,24,13.65,9.6,25,0.3
2012/6/16,7.35,24,13.65,9.7,25,0.3
2012/6/17,7.35,24,13.65,9.7,25,0.3
2012/6/18,7.35,24,13.65,9.7,25,0.3
2012/6/19,7.43,24,13.57,9.7,25,0.3
2012/6/20,7.33,24,13.67,9.7,25,0.3
2012/6/21,7.14,24,13.86,9,25.4,0.3
2012/6/22,7.24,24,13.76,7.7,24.8,0.3
2012/6/23,6.82,24,14.18,7.7,25,0.2
2012/6/24,6.82,24,14.18,7.5,25,0.2
2012/6/25,7.14,24,13.86,7.7,25,0.2
2012/6/26,7.14,24,13.86,7.5,25,0.2
2012/6/27,6.72,24,14.28,7.7,25,0.3
2012/6/28,6.61,24,14.39,7.5,25,0.3
2012/6/29,7.33,24,13.67,7.5,25,0.4
2012/6/30,6.93,24,14.07,7.5,25.1,0.3
2012/7/1,6.82,24,14.18,7.6,25.1,0.3
2012/7/2,6.61,24,14.39,7.5,25.1,0.3
2012/7/3,7.14,24,13.86,7.5,25.1,0.3
2012/7/4,6.32,24,14.68,7.5,25.1,0.3
2012/7/5,6.22,24,14.78,7.5,25,0.3
2012/7/6,6.22,24,14.78,7.5,25,0.3
2012/7/7,6.11,24,14.89,7.4,25,0.3
2012/7/8,5.92,24,15.08,7.5,25,0.3
2012/7/9,6.61,24,14.39,7.5,25,0.3
2012/7/10,6.43,24,14.57,7.5,25.1,0
2012/7/11,6.53,24,14.47,7.5,25.1,0.3
2012/7/12,5.92,24,15.08,7.5,25.1,0.4
2012/7/13,5.92,24,15.08,7.5,25.2,0.3
2012/7/14,6.11,24,14.89,7.5,25.1,0.2
2012/7/15,6.22,24,14.78,7.5,25.2,0.2
2012/7/16,6.11,24,14.89,7.5,25.2,0.3
2012/7/17,5.92,24,14.08,7.5,25,0.3
2012/7/18,6.53,24,14.47,7.5,25.2,0.3
2012/7/19,6.32,24,14.68,7.5,25.1,0.3
2012/7/20,6.32,24,14.68,7.5,25.2,0.2
2012/7/21,6.01,24,14.99,7.5,25.1,0.3
2012/7/22,4.68,24,16.32,7.5,25.2,0.3
2012/7/23,5.29,24,15.71,7.5,25.1,0.3
2012/7/24,5.4,24,15.6,7.5,25.2,0.3
2012/7/25,5.61,24,15.39,7.5,25.2,0.3
2012/7/26,6.11,24,14.89,7.5,25.2,0.3
2012/7/27,5.92,24,15.08,7.5,25.2,0.3
2012/7/28,6.32,24,14.68,7.5,25.2,0.3
2012/7/29,6.72,24,14.28,7.5,25.2,0.3
2012/7/30,6.43,24,14.57,7.5,25.2,0.3
2012/7/31,5.34,24,14.66,7.5,25.2,0.3
2012/8/1,5.71,24,15.29,7.5,25.2,0.3
2012/8/2,5.71,24,15.29,7.5,25.2,0.3
2012/8/3,6.11,24,14.89,7.5,25.2,0.3
2012/8/4,5.82,24,14.18,7.5,25.2,0.3
2012/8/5,5.5,24,15.5,7.5,25.2,0.3
2012/8/6,6.11,24,14.89,7.5,25.2,0.3
2012/8/7,5.82,24,15.18,7.5,25.2,0.3
2012/8/8,5.61,24,15.39,7.5,25.2,0.3
2012/8/9,6.11,24,14.89,7.5,25.2,0.3
2012/8/10,6.01,24,14.99,7.5,25.2,0.3
2012/8/11,6.01,24,14.99,7.5,25.2,0.3
2012/8/12,5.82,24,15.18,7.5,25.2,0.3
2012/8/13,6.11,24,14.89,7.5,25.2,0.3
2012/8/14,6.11,24,14.89,7.5,25.2,0.3
2012/8/15,6.43,24,14.57,7.5,25.2,0.3
2012/8/16,6.32,24,14.68,7.5,25.2,0.3
2012/8/17,4.76,23.83,15.24,8.5,19,0.3
2012/8/18,7.54,24,21.46,4.6,22,0.3
2012/8/19,8.41,24,20.59,6,20.4,0.3
2012/8/20,9.25,24,19.75,6,20,0.3
2012/8/21,8.82,24,19.18,5.8,19.8,0.3
2012/8/22,9.75,24,20.25,5.7,19.6,0.3
2012/8/23,9.63,24,19.37,5.8,19.6,0.3
2012/8/24,9.07,24,18.93,5.8,19.6,0.3
2012/8/25,9.44,24,18.56,5.8,19.6,0.3
2012/8/26,9.91,24,18.09,5.8,19.6,0.3
2012/8/27,9.72,24,16.28,5.8,19.6,0.3
2012/8/28,10.31,24,16.69,5.8,19.6,0.3
2012/8/29,10.07,24,16.93,5.8,19.6,0.3
2012/8/30,9.8,24,17.2,5.8,19.6,0.3
2012/8/31,9.53,24,17.47,5.8,19.6,0.3
2012/9/1,9.61,24,17.39,5.2,19.6,0.3
2012/9/2,10.27,24,18.73,5.2,19.6,0.3
2012/9/3,9.88,24,18.12,5.5,19.6,0.3
2012/9/4,9.42,23.58,17.58,5.6,20.8,0.3
2012/9/5,9.64,24,17.36,5.5,19.6,0.4
2012/9/6,10.18,24,16.82,5.5,19.5,0.2
2012/9/7,10.18,24,16.82,5.5,19.5,0.2
2012/9/8,10.45,24,16.55,5.5,19.6,0.3
2012/9/9,10.24,24,15.76,5.6,19.6,0.3
2012/9/10,10.42,24,16.58,5.5,19.4,0.3
2012/9/11,10.5,24,16.5,5.5,19.5,0.3
2012/9/12,10.12,24,16.88,5.5,19.8,0.3
2012/9/13,9.75,24,16.25,5.1,19.6,0.2
2012/9/14,10.61,24,16.39,5.5,19.8,0.2
2012/9/15,10.18,24,16.82,5.6,19.5,0.2
2012/9/16,10.39,24,16.61,5.5,19.6,0.3
2012/9/17,9.98,24,16.02,5.6,19.6,0.3
2012/9/18,10.34,24,16.66,5.6,19.6,0.2
2012/9/19,10.06,24,15.94,5.6,19.6,0.2
2012/9/20,9.18,24,17.82,5.4,19.6,0.2
2012/9/21,10.01,24,15.99,5.4,19.5,0.2
2012/9/22,7.2,24,18.8,5.6,19.6,0.3
2012/9/23,9.75,24,16.25,5.6,19.6,0.3
2012/9/24,8.71,24,17.29,5.6,19.6,0.3
2012/9/25,6.19,24,19.81,5.6,19.6,0.3
2012/9/26,7.31,24,18.69,5.6,19.6,0.3
2012/9/27,7.49,24,18.51,5.6,19.6,0.3
2012/9/28,6.99,24,19.01,5.6,19.6,0.3
2012/9/29,6.71,24,19.29,5.6,19.4,0.3
2012/9/30,5.3,24,20.7,5.4,19.4,0.3
2012/10/1,6.71,23.83,19.29,5.6,15.8,0.3
2012/10/2,6.19,24,19.81,2.5,16.2,0.3
2012/10/3,5.69,24,20.31,3.2,18.6,0.4
2012/10/4,6.29,24,19.71,4,17,0.4
2012/10/5,6.01,24,19.99,4.5,18.8,0.4
2012/10/6,6.5,24,19.5,3,16.8,0.4
2012/10/7,6.19,24,19.81,5.2,17,0.4
2012/10/8,6.71,24,19.29,3,18.6,0.4
2012/10/9,6.4,24,19.6,5,16.4,0.4
2012/10/10,6.71,24,19.29,5,18.4,0.4
2012/10/11,6.99,24,19.01,2.5,18,0.4
2012/10/12,8.01,24,17.99,5,17,0.4
2012/10/13,8.09,24,17.91,4,16.4,0.4
2012/10/14,7.9,24,18.1,3,17,0.4
2012/10/15,6.89,24,19.11,5.2,18,0.4
2012/10/16,8.01,24,17.99,2.5,18.8,0.4
2012/10/17,8.29,24,17.71,5.5,16.8,0.4
2012/10/18,7.59,24,18.41,3.2,20.4,0.4
2012/10/19,6.71,24,19.29,3,16.8,0.4
2012/10/20,7.9,24,18.1,4.5,19,0.4
2012/10/21,7.31,24,18.69,2.5,18,0.4
2012/10/22,6.89,24,19.11,4.5,21,0.4
2012/10/23,5.9,24,20.1,3.5,18.5,0.4
2012/10/24,8.01,24,17.99,5,18.5,0.4
2012/10/25,8.01,24,17.99,5,18.5,0.4
2012/10/26,7.31,24,18.69,4.5,18.3,0.4
2012/10/27,6.5,24,19.5,3.5,18.6,0.3
2012/10/28,6.99,24,19.01,3.9,17.5,0.4
2012/10/29,7.59,24,18.41,4.5,19.6,0.4
2012/10/30,6.79,24,19.21,3.4,17.6,0.4
2012/10/31,7.41,24,18.59,4.4,19.6,0.4
2012/11/1,7.41,24,18.59,3,18.6,0.4
2012/11/2,6.19,24,19.81,3,18.6,0.4
2012/11/3,6.16,24,19.84,3,18.6,0.4
2012/11/4,6.24,24,19.76,5.5,19,0.3
2012/11/5,6.27,24,19.73,5.5,19,0.3
2012/11/6,5.75,24,20.25,3.6,19,0.3
2012/11/7,5.46,24,20.54,3,20,0.3
2012/11/8,5.33,24,20.67,3,19,0.3
2012/11/9,5.88,24,20.12,3.8,19,0.3
2012/11/10,5.72,24,20.28,5.5,16,0.3
2012/11/11,5.59,24,20.41,3.5,19,0.4
2012/11/12,6.34,24,19.66,3,20,0.3
2012/11/13,6.29,24,19.71,3.5,18,0.4
2012/11/14,6.58,24,19.42,3.5,20,0.3
2012/11/15,6.73,24,19.27,3.5,17,0.3
2012/11/16,7.18,24,18.82,2.8,21,0.3
2012/11/17,7.1,24,18.9,3.5,19,0.3
2012/11/18,7.36,24,18.64,1.2,23,0.3
2012/11/19,7.38,24,18.62,3,18,0.3
2012/11/20,7.15,24,18.85,0.8,26,0.3
2012/11/21,7.36,24,18.64,3,18,0.3
2012/11/22,7.07,24,18.93,0.6,28,0.2
2012/11/23,6.99,24,19.01,3.5,20,0.3
2012/11/24,6.89,24,19.11,3.5,20,0.3
2012/11/25,5.1,24,20.9,1.8,20,0.2
2012/11/26,5.1,24,20.9,2.8,18,0.3
2012/11/27,4.29,24,21.71,2.5,18.5,0.4
2012/11/28,5.49,24,20.51,1.6,19,0.3
2012/11/29,4.39,24,21.61,2.3,20,0.4
2012/11/30,3.69,24,22.31,3.8,20,0.4
2012/12/1,5.41,24,20.59,3.4,18,0.3
2012/12/2,5.51,24,20.49,3.5,17.5,0.4
2012/12/3,6.01,24,19.99,3.6,17,0.4
2012/12/4,6.4,24,19.6,3.4,18,0.4
2012/12/5,6.5,24,19.5,3.7,17,0.4
2012/12/6,6.4,24,19.6,3.5,19,0.4
2012/12/7,6.5,24,19.5,3.5,17.2,0.4
2012/12/8,6.81,24,19.19,3.3,18.2,0.4
2012/12/9,6.89,24,19.11,3.5,19.2,0.4
2012/12/10,6.99,24,19.01,3.4,17.8,0.4
2012/12/11,7.15,24,18.85,3.2,18.1,0.4
2012/12/12,7.2,24,18.8,2.8,17,0.4
2012/12/13,7.49,24,18.51,3.2,17.5,0.4
2012/12/14,7.7,24,18.3,3.4,17,0.4
2012/12/15,8.01,24,17.99,4.3,18,0.4
2012/12/16,7.9,24,18.1,4,17,0.4
2012/12/17,7.9,24,18.1,3.5,18,0.4
2012/12/18,8.01,24,17.99,2.8,18,0.4
2012/12/19,8.06,24,17.94,3,19,0.4
2012/12/20,8.19,24,17.81,3.5,19.2,0.4
2012/12/21,8.01,24,17.99,4,18.4,0.4
2012/12/22,8.01,24,17.99,4,18.4,0.4
2012/12/23,8.19,24,17.81,4.1,18,0.4
2012/12/24,8.29,24,17.71,3.8,17.5,0.4
2012/12/25,8.19,24,17.81,3.7,17.8,0.4
2012/12/26,8.19,24,17.81,3.5,18.5,0.4
2012/12/27,8.19,24,17.81,2.9,17.6,0.4
2012/12/28,8.11,24,17.89,2.6,18.5,0.4
2012/12/29,8.01,24,17.99,2.9,18.2,0.4
2012/12/30,7.8,24,18.2,2.5,19,0.4
2012/12/31,7.9,24,18.1,3.3,18.5,0.4
2013/1/1,7.7,24,18.3,3.7,19,0.4
2013/1/2,7.59,24,18.41,3,20,0.3
2013/1/3,7.7,24,18.3,3.5,19.5,0.4
2013/1/4,7.8,24,18.2,2.9,19,0.4
2013/1/5,7.8,24,18.2,3.5,18.5,0.4
2013/1/6,7.59,24,18.41,3,18.5,0.3
2013/1/7,7.7,24,18.3,3.5,19,0.3
2013/1/8,7.59,24,18.41,3,19.5,0.3
2013/1/9,7.7,24,18.3,2.5,20,0.4
2013/1/10,7.9,24,18.1,3,19.5,0.4
2013/1/11,8.09,24,17.91,4,19,0.4
2013/1/12,7.9,24,18.1,4,18.5,0.4
2013/1/13,8.01,24,17.99,3.5,18.3,0.4
2013/1/14,7.8,24,18.2,3.8,17.8,0.5
2013/1/15,8.01,24,17.99,3.5,18.5,0.3
2013/1/16,7.9,24,18.1,3.1,17.2,0.4
2013/1/17,7.98,24,18.02,3,18.7,0.4
2013/1/18,7.9,24,18.1,3.1,18,0.4
2013/1/19,7.98,24,18.02,3.2,18.5,0.4
2013/1/20,7.85,24,18.15,3.1,18,0.3
2013/1/21,7.9,24,18.1,3.5,18,0.4
2013/1/22,7.8,24,18.2,3.2,17.5,0.4
2013/1/23,7.75,24,18.25,3.4,18,0.4
2013/1/24,7.7,24,18.3,3,17.5,0.3
2013/1/25,7.64,24,18.36,2.5,18,0.2
2013/1/26,7.59,24,18.41,3.1,19,0.3
2013/1/27,7.44,24,18.56,3,18,0.3
2013/1/28,7.49,24,18.51,3.4,18,0.3
2013/1/29,7.41,24,18.59,2.9,19,0.3
2013/1/30,7.49,24,18.51,3.3,18.9,0.3
2013/1/31,7.44,24,18.56,1.5,23,0.3
2013/2/1,7.49,24,18.51,3.7,18.5,0.4
2013/2/2,7.41,24,18.59,3,17.4,0.3
2013/2/3,7.59,24,18.41,3.1,20,0.3
2013/2/4,7.49,24,18.51,2.8,19,0.3
2013/2/5,7.2,24,18.8,0.5,30,0.1
2013/2/6,7.31,24,18.69,2.6,25,0.3
2013/2/7,7.2,24,18.8,2.2,20,0.1
2013/2/8,7.18,24,18.82,2.2,20,0.1
2013/2/9,7.31,24,18.69,2.8,22,0.4
2013/2/10,7.15,24,18.85,0.8,25,0.2
2013/2/11,6.99,24,19.01,2.9,26,0.4
2013/2/12,6.89,24,19.11,2.4,25,0.3
2013/2/13,6.92,24,19.08,2.2,24,0.3
2013/2/14,6.79,24,19.21,2.8,22,0.3
2013/2/15,6.71,24,19.29,3,20,0.3
2013/2/16,6.6,24,19.4,3.1,19,0.4
2013/2/17,6.6,24,19.4,2.9,18,0.3
2013/2/18,6.6,24,19.4,2.9,17.6,0.4
2013/2/19,6.71,24,19.29,3,17.5,0.4
2013/2/20,6.6,24,19.4,3,17.6,0.4
2013/2/21,6.5,24,19.5,2.9,17.4,0.4
2013/2/22,6.6,24,19.4,3,17.8,0.4
2013/2/23,6.71,24,19.29,2.9,17.4,0.3
2013/2/24,6.6,24,19.4,3,17.6,0.4
2013/2/25,6.5,24,19.5,2.7,17.3,0.4
2013/2/26,6.6,24,19.4,2.9,17.5,0.8
2013/2/27,6.5,24,19.5,2.8,17.7,0.4
2013/2/28,6.4,24,19.6,2.9,17.6,0.4
2013/3/1,6.5,24,19.5,2.8,18.1,0.4
2013/3/2,6.4,24,19.6,3,17.4,0.4
2013/3/3,6.29,24,19.71,2.6,18,0.4
2013/3/4,6.32,24,19.68,2.9,17,0.4
2013/3/5,6.19,24,19.81,2.7,18,0.4
2013/3/6,6.32,24,19.68,3,18.3,0.4
2013/3/7,6.21,24,19.79,2,25,0.2
2013/3/8,6.11,24,19.89,3.1,26,0.4
2013/3/9,6.08,24,19.92,3,18.2,0.4
2013/3/10,6.11,24,19.89,2.7,17,0.3
2013/3/11,6.08,24,19.92,2.8,17,0.3
2013/3/12,6.19,24,19.81,2.9,17,0.3
2013/3/13,6.19,24,19.81,2.9,17.4,0.3
2013/3/14,6.32,24,19.68,2.8,17,0.3
2013/3/15,6.19,24,19.81,2.7,17,0.3
2013/3/16,6.11,24,19.89,2.9,17,0.3
2013/3/17,6.19,24,19.81,3,17,0.3
2013/3/18,6.11,24,19.89,2.9,17,0.3
2013/3/19,6.19,24,19.81,3,17.5,0.3
2013/3/20,6.19,24,19.81,2.9,17.5,0.3
2013/3/21,6.11,24,19.89,2.8,17.4,0.3
2013/3/22,6.01,24,19.99,2.9,17.2,0.3
2013/3/23,6.11,24,19.89,2.9,17,0.3
2013/3/24,6.01,24,19.99,2.8,17,0.3
2013/3/25,6.11,24,19.89,2.9,17,0.3
2013/3/26,6.01,24,19.99,2.9,17,0.3
2013/3/27,6.11,24,19.89,2.9,17,0.3
2013/3/28,6.01,24,19.99,3.1,19,0.3
2013/3/29,6.01,24,19.99,2.8,17.1,0.3
2013/3/30,6.11,24,19.89,2.8,17,0.3
2013/3/31,6.01,24,19.99,2.9,17.6,0.3
2013/4/1,6.01,24,19.99,2.8,17.5,0.3
2013/4/2,6.01,24,19.99,2.6,17.5,0.3
2013/4/3,6.01,24,19.99,2.8,17.6,0.3
2013/4/4,6.01,24,19.99,2.8,17,0.4
2013/4/5,6.01,24,19.99,2.7,17.5,0.4
2013/4/6,5.9,24,20.1,2.8,17,0.4
2013/4/7,5.9,24,20.1,2.7,17.1,0.4
2013/4/8,5.9,24,20.1,2.8,17,0.4
2013/4/9,6.01,24,19.99,2.6,17.6,0.4
2013/4/10,6.11,24,19.89,2.9,17,0.4
2013/4/11,6.11,24,19.89,2.7,17.2,0.4
2013/4/12,6.11,24,19.89,2.8,17.2,0.4
2013/4/13,6.01,24,19.99,2.5,17,0.4
2013/4/14,5.9,24,20.1,2.4,17,0.4
2013/4/15,5.9,24,20.1,2.3,17.5,0.4
2013/4/16,5.9,24,20.1,2.6,17,0.4
2013/4/17,5.9,24,20.1,1.8,17,0.4
2013/4/18,6.01,24,19.99,2.8,17,0.4
2013/4/19,6.01,24,19.99,2.4,16.8,0.4
2013/4/20,6.01,24,19.99,2.8,17.8,0.4
2013/4/21,5.9,24,20.1,2.1,16.5,0.4
2013/4/22,5.9,24,20.1,2,18,0.4
2013/4/23,6.01,24,19.99,2.5,16.8,0.4
2013/4/24,5.1,24,20.9,1.5,19,0.1
2013/4/25,5.3,24,20.7,1,25,0.4
2013/4/26,5.9,24,20.1,3.5,20,0.4
2013/4/27,5.9,24,20.1,1,17.8,0.3
2013/4/28,5.8,24,20.2,1,25,0.3
2013/4/29,5.69,24,20.31,2.8,28,0.4
2013/4/30,5.69,24,20.31,3,18,0.4
2013/5/1,5.69,24,20.31,1.7,17,0.4
2013/5/2,5.8,24,20.2,2.8,18.2,0.4
2013/5/3,5.69,24,20.31,1.5,17,0.4
2013/5/4,5.8,24,20.2,2.8,18,0.4
2013/5/5,5.72,24,20.28,2.2,17,0.4
2013/5/6,5.8,24,20.2,2.7,17.6,0.4
2013/5/7,5.51,24,20.49,1.6,17.4,0.4
2013/5/8,5.69,24,20.31,1.5,17.4,0.4
2013/5/9,5.59,24,20.41,1.6,17.5,0.4
2013/5/10,5.51,24,20.49,1.7,17,0.4
2013/5/11,5.51,24,20.49,1.6,17.2,0.4
2013/5/12,5.41,24,20.59,1.7,16.5,0.4
2013/5/13,5.1,24,20.9,1.6,16.4,0.4
2013/5/14,5.1,24,20.9,1.7,17,0.4
2013/5/15,4.99,24,21.01,1.7,17,0.4
2013/5/16,4.89,24,21.11,1.8,17,0.4
2013/5/17,4.99,24,21.01,2,17,0.4
2013/5/18,4.89,24,21.11,2.1,17.1,0.4
2013/5/19,4.89,24,21.11,2,17.4,0.4
2013/5/20,4.89,24,21.11,2.2,17.4,0.4
2013/5/21,4.89,24,21.11,1.7,17,0.4
2013/5/22,4.99,24,21.01,1.8,17.6,0.4
2013/5/23,4.81,24,21.19,1.8,17.2,0.4
2013/5/24,4.71,24,21.29,1.8,17.4,0.4
2013/5/25,4.6,24,21.4,1.9,17.2,0.4
2013/5/26,4.6,24,21.4,1.8,17.5,0.4
2013/5/27,4.71,24,21.29,1.9,17.4,0.4
2013/5/28,4.6,24,21.4,1.8,18.2,0.4
2013/5/29,4.71,24,21.29,2.2,21,0.4
2013/5/30,4.71,24,21.29,2.1,17.4,0.4
2013/5/31,4.6,24,21.4,1.5,16.4,0.4
2013/6/1,4.39,24,21.61,1.2,19.5,0.3
2013/6/2,4.11,24,21.89,1.5,20.1,0.4
2013/6/3,4,24,22,2.8,14.4,0.4
2013/6/4,4,24,22,1.6,18,0.4
2013/6/5,4.11,24,21.89,3.2,17.4,0.4
2013/6/6,4,24,22,1.5,17,0.3
2013/6/7,3.9,24,22.1,1.2,21,0.3
2013/6/8,3.9,24,22.1,1.2,29,0.4
2013/6/9,3.9,24,22.1,2.2,18.2,0.4
2013/6/10,3.9,24,22.1,1.4,18.8,0.4
2013/6/11,3.8,24,22.2,1.5,19,0.4
2013/6/12,3.9,24,22.1,3,18,0.4
2013/6/13,3.9,24,22.1,1,18,0.4
2013/6/14,3.8,24,22.2,0.5,33,0.3
2013/6/15,3.9,24,22.1,3,26,0.4
2013/6/16,3.9,24,22.1,3,18,0.4
2013/6/17,4,24,22,2,17.8,0.4
2013/6/18,3.9,24,22.1,2.8,19,0.4
2013/6/19,3.9,24,22.1,2.5,17,0.4
2013/6/20,3.9,24,22.1,2.5,19,0.4
2013/6/21,4,24,22,2.7,18,0.4
2013/6/22,3.9,24,22.1,0.8,21,0.3
2013/6/23,3.9,24,22.1,0.5,32,0.3
2013/6/24,4,24,22,3.5,22,0.5
2013/6/25,4,24,22,3.8,17,0.4
2013/6/26,4,24,22,0.5,28,0.3
2013/6/27,4,24,22,3.2,35,0.5
2013/6/28,4.11,24,21.89,3,22,0.5
2013/6/29,4.11,24,21.89,3,22,0.5
2013/6/30,4.11,24,21.89,2,17.2,0.4
2013/7/1,3.64,24,22.36,2,18,0.4
2013/7/2,3.69,24,22.31,1.8,17.6,0.4
2013/7/3,3.51,24,22.49,2.2,17.6,0.4
2013/7/4,3.51,24,22.49,2.2,17,0.4
2013/7/5,3.74,24,22.26,2.2,17.2,0.4
2013/7/6,3.9,24,22.1,2,17,0.4
2013/7/7,4.11,24,21.89,2.2,17.2,0.4
2013/7/8,4.19,24,21.81,2,17,0.4
2013/7/9,4.39,24,21.61,2.4,17.4,0.4
2013/7/10,4.29,24,21.71,2.2,17.2,0.4
2013/7/11,4.29,24,21.71,2.2,17.2,0.4
2013/7/12,4.39,24,21.61,2.2,17.2,0.4
2013/7/13,4.29,24,21.71,2.2,17.2,0.4
2013/7/14,4.29,24,21.71,2.1,17.2,0.4
2013/7/15,4.39,24,21.61,2.3,17.6,0.4
2013/7/16,4.6,24,21.4,2.2,17.2,0.4
2013/7/17,4.89,24,21.11,2.2,17.4,0.4
2013/7/18,4.81,24,21.19,2.2,17.2,0.4
2013/7/19,4.81,24,21.19,2.3,17.2,0.4
2013/7/20,4.99,24,21.01,2.3,17.2,0.4
2013/7/21,4.99,24,21.01,2.3,17.2,0.4
2013/7/22,5.1,24,20.9,2.2,17.2,0.4
2013/7/23,5.51,24,20.49,2.3,17.3,0.4
2013/7/24,5.41,24,20.59,2.3,17.5,0.4
2013/7/25,5.69,24,20.31,2.3,17.2,0.4
2013/7/26,5.9,24,20.1,2.3,17.3,0.4
2013/7/27,6.01,24,19.99,2.3,17.3,0.4
2013/7/28,5.9,24,20.1,2.3,17.3,0.4
2013/7/29,5.9,24,20.1,2.3,17.3,0.4
2013/7/30,5.9,24,20.1,2.3,17.3,0.4
2013/7/31,6.01,24,19.99,2.4,17.2,0.4
2013/8/1,5.69,24,20.31,2.3,17.5,0.4
2013/8/2,5.59,24,20.41,2.2,17.3,0.4
2013/8/3,5.51,24,20.49,2.3,17.3,0.4
2013/8/4,5.59,24,20.41,2.3,17.3,0.4
2013/8/5,5.59,24,20.41,2.3,17.3,0.4
2013/8/6,5.51,24,20.49,2.3,17.3,0.4
2013/8/7,5.59,24,20.41,2.3,17.3,0.4
2013/8/8,5.3,24,20.7,2.3,17.3,0.4
2013/8/9,5.51,24,20.49,2.3,17.3,0.4
2013/8/10,5.51,24,20.49,2.3,17.3,0.4
2013/8/11,5.8,24,20.2,2.3,17.3,0.4
2013/8/12,5.59,24,20.41,2.3,17.3,0.4
2013/8/13,5.8,24,20.2,2.3,17.4,0.4
2013/8/14,5.59,24,20.41,2.4,17.5,0.4
2013/8/15,5.59,24,20.41,2.2,17.4,0.4
2013/8/16,5.49,24,20.51,2.4,17.8,0.4
2013/8/17,5.59,24,20.41,2.2,17.5,0.4
2013/8/18,5.59,24,20.41,2.2,17.8,0.4
2013/8/19,5.59,24,20.41,2.2,17.6,0.4
2013/8/20,5.2,24,20.8,2,17.8,0.4
2013/8/21,5.59,24,20.41,2.2,17.8,0.4
2013/8/22,5.41,24,20.59,2,17.8,0.4
2013/8/23,5.59,24,20.41,2.2,17.8,0.4
2013/8/24,5.59,24,20.41,2,18,0.4
2013/8/25,5.59,24,20.41,2.3,17.8,0.4
2013/8/26,5.49,24,20.51,2.1,17.9,0.4
2013/8/27,5.59,24,20.41,2.3,18,0.4
2013/8/28,5.43,24,20.57,2.1,18,0.4
2013/8/29,5.49,24,20.51,2.3,18,0.4
2013/8/30,5.41,24,20.59,2.3,17.9,0.4
2013/8/31,5.41,24,20.59,2.2,18,0.4
2013/9/1,5.41,24,20.59,2.2,18,0.4
2013/9/2,5.41,24,20.59,2.1,18,0.4
2013/9/3,5.3,24,20.7,2.1,18,0.4
2013/9/4,5.3,24,20.7,2.2,18,0.4
2013/9/5,5.2,24,20.8,2.2,18,0.4
2013/9/6,5.3,24,20.7,2.2,18,0.4
2013/9/7,5.41,24,20.59,2.2,18,0.4
2013/9/8,5.2,24,20.8,2,17.5,0.4
2013/9/9,5.49,24,20.51,2.1,18.1,0.4
2013/9/10,5.59,24,20.41,1.9,17.8,0.4
2013/9/11,5.49,24,20.51,2.2,18,0.4
2013/9/12,5.59,24,20.41,2.3,17.5,0.4
2013/9/13,5.9,24,20.1,2,18,0.4
2013/9/14,5.69,24,20.31,2,17.6,0.5
2013/9/15,5.9,24,20.1,2.3,18.3,0.5
2013/9/16,5.8,24,20.2,2,17.5,0.5
2013/9/17,5.8,24,20.2,2,17.6,0.5
2013/9/18,5.8,24,20.2,2.3,17.6,0.5
2013/9/19,6.01,24,19.99,2.3,18.2,0.5
2013/9/20,5.9,24,20.1,2.2,18.4,0.5
2013/9/21,6.01,24,19.99,2,17.8,0.4
2013/9/22,5.8,24,20.2,2.2,18.2,0.5
2013/9/23,5.69,24,20.31,1.8,17.5,0.4
2013/9/24,5.9,24,20.1,1.8,17.8,0.4
2013/9/25,5.8,24,20.2,2.2,17.8,0.4
2013/9/26,5.69,24,20.31,2.2,18,0.4
2013/9/27,5.9,24,20.1,2.2,17.9,0.4
2013/9/28,5.69,24,20.31,2.1,18,0.4
2013/9/29,5.69,24,20.31,2.1,18,0.4
2013/9/30,5.69,24,20.31,2.2,18,0.4
2013/10/1,5.69,24,20.31,2,18,0.4
2013/10/2,5.69,24,20.31,2.1,18,0.4
2013/10/3,5.69,24,20.31,2,18,0.4
2013/10/4,5.8,24,20.2,2.1,18,0.4
2013/10/5,5.9,24,20.1,2.2,18,0.4
2013/10/6,5.9,24,20.1,2,18.1,0.4
2013/10/7,6.79,24,19.21,2.3,18,0.4
2013/10/8,6.79,24,19.21,2.2,18,0.4
2013/10/9,6.4,24,19.6,2,18,0.4
2013/10/10,5.9,24,20.1,2,17.8,0.4
2013/10/11,5.59,24,20.41,1.9,18.2,0.4
2013/10/12,5.49,24,20.51,2,18,0.4
2013/10/13,5.41,24,20.59,1.9,17.8,0.4
2013/10/14,5.3,24,20.7,2,18,0.4
2013/10/15,5.41,24,20.59,2,7.9,0.4
2013/10/16,5.2,24,20.8,1.9,18.2,0.4
2013/10/17,5.3,24,20.7,1.9,18.4,0.4
2013/10/18,4.99,24,21.01,1.6,18.6,0.4
2013/10/19,4.89,24,21.11,1.8,18.2,0.4
2013/10/20,5.1,24,20.9,1.8,18,0.4
2013/10/21,4.99,24,21.01,1.8,18.8,0.4
2013/10/22,5.2,24,20.8,2,18.2,0.4
2013/10/23,4.99,24,21.01,2,18,0.4
2013/10/24,4.89,24,21.11,1.8,18,0.4
2013/10/25,4.89,24,21.11,1.8,17.8,0.4
2013/10/26,5.1,24,20.9,2,18,0.4
2013/10/27,5.3,24,20.7,2,17.8,0.4
2013/10/28,5.49,24,20.51,2,18,0.4
2013/10/29,5.69,24,20.31,2,18.2,0.4
2013/10/30,5.59,24,20.41,2,18,0.4
2013/10/31,5.41,24,20.59,2,18.3,0.4
2013/11/1,5.69,24,20.31,2,18,0.4
2013/11/2,5.9,24,20.1,2.2,18,0.4
2013/11/3,5.69,24,20.31,2.2,18,0.4
2013/11/4,5.41,24,20.59,2,18,0.4
2013/11/5,5.41,24,20.59,2,18,0.4
2013/11/6,5.3,24,20.7,1.8,18,0.4
2013/11/7,5.3,24,20.7,2,18,0.4
2013/11/8,5.3,24,20.7,2,18,0.4
2013/11/9,5.2,24,20.8,1.8,18.2,0.4
2013/11/10,5.3,24,20.7,2,18.2,0.4
2013/11/11,5.49,24,20.51,2,18,0.4
2013/11/12,5.59,24,20.41,2.2,18.5,0.4
2013/11/13,5.41,24,20.59,2,18,0.4
2013/11/14,5.49,24,20.51,2,18.2,0.4
2013/11/15,5.59,24,20.41,2,18.2,0.4
2013/11/16,5.59,24,20.41,2,18.2,0.4
2013/11/17,5.69,24,20.31,2,18.6,0.4
2013/11/18,5.69,24,20.31,2,18.2,0.4
2013/11/19,5.8,24,20.2,2.2,18,0.4
2013/11/20,5.51,24,20.49,2,18,0.4
2013/11/21,5.51,24,20.49,2,18,0.4
2013/11/22,5.51,24,20.49,2,18.2,0.4
2013/11/23,5.1,24,20.9,2,18,0.4
2013/11/24,5.3,24,20.7,2,18.2,0.4
2013/11/25,5.3,24,20.7,2,18,0.4
2013/11/26,5.2,24,20.8,2,18,0.4
2013/11/27,5.3,24,20.7,2,18,0.4
2013/11/28,5.3,24,20.7,2,18.2,0.4
2013/11/29,5.41,24,20.59,2,18.2,0.4
2013/11/30,5.3,24,20.7,2,18.2,0.4
2013/12/1,5.41,24,20.59,2,18.2,0.4
2013/12/2,5.49,24,20.51,2.2,18.2,0.4
2013/12/3,4.71,24,21.29,2,18.2,0.4
2013/12/4,4.81,24,21.19,2.2,18.2,0.4
2013/12/5,4.6,24,21.4,2,18.2,0.4
2013/12/6,4.99,24,21.01,2.2,18.2,0.4
2013/12/7,4,24,22,2,18,0.4
2013/12/8,3.9,24,22.1,2.2,18.6,0.4
2013/12/9,4.11,24,21.89,1.6,18.6,0.4
2013/12/10,4,24,22,2,18.6,0.4
2013/12/11,4,24,22,2,18.2,0.4
2013/12/12,4.5,24,21.5,2.2,18.2,0.4
2013/12/13,4.5,24,21.5,2,18.5,0.4
2013/12/14,4.6,24,21.4,2.2,18.2,0.4
2013/12/15,4.6,24,21.4,2.2,18.2,0.4
2013/12/16,4.5,24,21.5,2,18.2,0.4
2013/12/17,4.71,24,21.29,2,18.5,0.4
2013/12/18,4.71,24,21.29,2,18.2,0.4
2013/12/19,4.71,24,21.29,2,18.2,0.4
2013/12/20,5.1,24,20.9,2.2,18.2,0.4
2013/12/21,4.99,24,21.01,2,18.4,0.4
2013/12/22,5.2,24,20.8,2.2,18.2,0.4
2013/12/23,5.2,24,20.8,2,18.5,0.4
2013/12/24,5.2,24,20.8,2.2,18.6,0.4
2013/12/25,5.2,24,20.8,2.2,18.6,0.4
2013/12/26,5.2,24,20.8,2.2,18.6,0.4
2013/12/27,5.2,24,20.8,2,18.6,0.4
2013/12/28,5.2,24,20.8,2,18.6,0.4
2013/12/29,5.2,24,20.8,2,18.6,0.4
2013/12/30,5.3,24,20.7,2,18.3,0.4
2013/12/31,5.41,24,20.59,2,18.6,0.4
2014/1/1,5.49,24,20.51,2.1,18.6,0.4
2014/1/2,5.2,24,20.8,2,18.3,0.4
2014/1/3,5.49,24,20.51,2.2,18.6,0.4
2014/1/4,5.41,24,20.59,2,18.6,0.4
2014/1/5,5.49,24,20.51,2.2,18.6,0.4
2014/1/6,5.49,24,20.51,2,18.6,0.4
2014/1/7,5.59,24,20.41,2,18.8,0.4
2014/1/8,5.8,24,20.2,2.2,18.6,0.4
2014/1/9,4.5,24,21.5,1.8,18.8,0.4
2014/1/10,5.69,24,20.31,2.2,18.8,0.5
2014/1/11,5.69,24,20.31,2.1,18.8,0.5
2014/1/12,5.69,24,20.31,1.9,18.8,0.5
2014/1/13,5.59,24,20.41,2,18.4,0.5
2014/1/14,5.59,24,20.41,1.8,19.4,0.5
2014/1/15,5.8,24,20.2,2.2,19.5,0.5
2014/1/16,5.69,24,20.31,1.6,19,0.5
2014/1/17,5.8,24,20.2,2.3,19.5,0.5
2014/1/18,5.51,24,20.49,1.8,18.5,0.5
2014/1/19,5.69,24,20.31,1.8,19.5,0.5
2014/1/20,5.8,24,20.2,2.3,19.5,0.5
2014/1/21,5.8,24,20.2,1.6,18.8,0.5
2014/1/22,6.01,24,19.99,2.3,19.3,0.5
2014/1/23,5.9,24,20.1,1.5,18.5,0.5
2014/1/24,5.9,24,20.1,1.8,18.9,0.6
2014/1/25,6.11,24,19.89,2.3,18.9,0.6
2014/1/26,6.11,24,19.89,1.6,18.5,0.6
2014/1/27,6.01,24,19.99,2.3,19.2,0.6
2014/1/28,5.9,24,20.1,1.8,18.4,0.6
2014/1/29,5.9,24,20.1,1.9,19.2,0.6
2014/1/30,6.01,24,19.99,2.4,19.2,0.6
2014/1/31,5.9,24,20.1,1.5,18.6,0.6
2014/2/1,6.01,24,19.99,1.6,18.8,0.6
2014/2/2,6.11,24,19.89,2.1,19,0.6
2014/2/3,6.01,24,19.99,1.8,19.2,0.6
2014/2/4,6.11,24,19.89,1.8,19.2,0.6
2014/2/5,5.9,24,20.1,2,18.8,0.6
2014/2/6,5.69,24,20.31,1.8,18.8,0.6
2014/2/7,5.69,24,20.31,2,19.6,0.6
2014/2/8,5.69,24,20.31,1.7,18.5,0.6
2014/2/9,5.8,24,20.2,2.1,19.9,0.6
2014/2/10,5.8,24,20.2,2.1,18.9,0.6
2014/2/11,5.69,24,20.31,1.8,19.2,0.6
2014/2/12,5.9,24,20.1,2.3,19.2,0.5
2014/2/13,5.9,24,20.1,1.8,18.6,0.5
2014/2/14,6.01,24,19.99,2,19.8,0.6
2014/2/15,6.01,24,19.99,2.3,18.8,0.6
2014/2/16,6.01,24,19.99,1.5,19,0.6
2014/2/17,6.01,24,19.99,2.2,19.1,0.6
2014/2/18,6.11,24,19.89,2.2,19.1,0.6
2014/2/19,6.01,24,19.99,1.5,19.6,0.6
2014/2/20,6.01,24,19.99,2.3,18.8,0.6
2014/2/21,5.9,24,20.1,1.5,18.9,0.6
2014/2/22,5.8,24,20.2,2.3,20.1,0.6
2014/2/23,5.9,24,20.1,2.2,18.6,0.6
2014/2/24,5.8,24,20.2,1.8,19.8,0.6
2014/2/25,6.01,24,19.99,2.2,19.6,0.6
2014/2/26,5.9,24,20.1,1.8,18.6,0.6
2014/2/27,5.8,24,20.2,1.8,9.7,0.7
2014/2/28,5.69,24,20.31,2.3,18.6,0.6
2014/3/1,5.8,24,20.2,1.4,19.3,0.6
2014/3/2,5.69,24,20.31,2,20.1,0.6
2014/3/3,5.59,24,20.41,1.8,18.5,0.6
2014/3/4,5.41,24,20.59,1.3,20,0.6
2014/3/5,5.3,24,20.7,2.3,18.8,0.6
2014/3/6,5.41,24,20.59,1.3,18.8,0.6
2014/3/7,5.3,24,20.7,2,20.1,0.4
2014/3/8,5.3,24,20.7,2,19.4,0.4
2014/3/9,5.41,24,20.59,2,18.8,0.4
2014/3/10,5.3,24,20.7,1.3,18.1,0.4
2014/3/11,5.3,24,20.7,2.1,20.1,0.4
2014/3/12,5.3,24,20.7,2.1,18.2,0.4
2014/3/13,5.3,24,20.7,1.3,19.8,0.4
2014/3/14,5.3,24,20.7,2.3,19,0.4
2014/3/15,5.41,24,20.59,1.5,18.8,0.4
2014/3/16,5.3,24,20.7,2.2,20.4,0.4
2014/3/17,5.3,24,20.7,2,18.9,0.4
2014/3/18,5.3,24,20.7,1.2,19.8,0.4
2014/3/19,5.3,24,20.7,2.3,20.3,0.4
2014/3/20,5.3,24,20.7,1.5,18.1,0.4
2014/3/21,5.3,24,20.7,1.4,21,0.4
2014/3/22,5.41,24,20.59,2.3,19.8,0.4
2014/3/23,5.49,24,20.51,1.9,18.2,0.4
2014/3/24,5.41,24,20.59,2.1,19.8,0.4
2014/3/25,5.49,24,20.51,2.5,18.8,0.4
2014/3/26,5.49,24,20.51,1.5,19.7,0.4
2014/3/27,5.59,24,20.41,2.4,20.8,0.4
2014/3/28,5.69,24,20.31,2.2,18.2,0.4
2014/3/29,5.69,24,20.31,1.8,19.2,0.4
2014/3/30,5.8,24,20.2,2.3,21,0.4
2014/3/31,5.8,24,20.2,2.2,18.7,0.4
2014/4/1,5.8,24,20.2,1.8,20.3,0.4
2014/4/2,5.9,24,20.1,2.3,20.1,0.4
2014/4/3,5.9,24,20.1,2.2,19,0.4
2014/4/4,5.69,24,20.31,1,22,0.4
2014/4/5,5.59,24,20.41,1.2,22.1,0.3
2014/4/6,5.59,24,20.41,1.2,19,0.2
2014/4/7,5.51,24,20.49,1.4,20,0.4
2014/4/8,5.59,24,20.41,2.1,21,0.4
2014/4/9,5.49,24,20.51,2,20.4,0.4
2014/4/10,5.49,24,20.51,2,21.8,0.4
2014/4/11,5.49,24,20.51,2.2,21,0.4
2014/4/12,5.59,24,20.41,2,21,0.4
2014/4/13,5.41,24,20.59,1.8,21.8,0.4
2014/4/14,5.59,24,20.41,2.4,20.8,0.4
2014/4/15,5.51,24,20.49,2,21.8,0.4
2014/4/16,5.41,24,20.59,2.1,21,0.4
2014/4/17,5.41,24,20.59,2,21,0.4
2014/4/18,5.41,24,20.59,1.8,20,0.4
2014/4/19,5.41,24,20.59,2,20,0.4
2014/4/20,5.3,24,20.7,2.2,22,0.4
2014/4/21,5.3,24,20.7,2.1,20,0.4
2014/4/22,5.3,24,20.7,2.2,22,0.4
2014/4/23,5.41,24,20.59,2.3,21.6,0.4
2014/4/24,5.3,24,20.7,2.2,21,0.4
2014/4/25,5.23,24,20.77,2,21,0.4
2014/4/26,5.49,24,20.51,2.1,21.2,0.4
2014/4/27,5.59,24,20.41,2.2,21,0
2014/4/28,5.59,24,20.41,2.1,21,0
2014/4/29,5.69,24,20.31,2.2,21.2,0.4
2014/4/30,5.59,24,20.41,2.4,21.3,0.4
2014/5/1,5.59,24,20.41,2.1,21.2,0.4
2014/5/2,5.69,24,20.31,2.2,22,0.4
2014/5/3,5.59,24,20.41,2.2,20.2,0.4
2014/5/4,5.51,24,20.49,2.3,21,0.4
2014/5/5,5.41,24,20.59,2.5,21.2,0.4
2014/5/6,5.41,24,20.59,2.2,21.2,0.4
2014/5/7,5.49,24,20.51,2.4,20.9,0.4
2014/5/8,5.41,24,20.59,2.5,21,0.4
2014/5/9,5.49,24,20.51,2.4,21.3,0.4
2014/5/10,5.41,24,20.59,2.3,21.2,0.4
2014/5/11,5.41,24,20.59,2.4,20.8,0.4
2014/5/12,5.49,24,20.51,2.5,21.2,0.4
2014/5/13,5.59,24,20.41,2.2,21.2,0.4
2014/5/14,5.59,24,20.41,2.4,20.4,0.4
2014/5/15,5.59,24,20.41,2.2,22,0.4
2014/5/16,5.59,24,20.41,2,22,0.4
2014/5/17,5.69,24,20.31,2,22,0.4
2014/5/18,5.69,24,20.31,2,22,0.4
2014/5/19,5.59,24,20.41,2,22,0.4
2014/5/20,5.59,24,20.41,2,22,0.4
2014/5/21,5.49,24,20.51,2,21,0.4
2014/5/22,5.41,24,20.59,2,22,0.4
2014/5/23,5.41,24,20.59,1.9,21.6,0.4
2014/5/24,5.41,24,20.59,2,22,0.4
2014/5/25,5.51,24,20.49,2,22,0.4
2014/5/26,5.41,24,20.59,2,22,0.4
2014/5/27,5.49,24,20.51,2,21.8,0.4
2014/5/28,5.59,24,20.41,2,21,0.4
2014/5/29,5.59,24,20.41,2,22,0.4
2014/5/30,5.51,24,20.49,2,22,0.4
2014/5/31,5.41,24,20.59,2,21,0.4
2014/6/1,5.41,24,20.59,2,22,0.4
2014/6/2,5.41,24,20.59,2,21,0.3
2014/6/3,5.41,24,20.59,2,21,0.3
2014/6/4,5.3,24,20.7,2,21,0.3
2014/6/5,5.3,24,20.7,2,21,0.3
2014/6/6,5.2,24,20.8,1.8,21.2,0.3
2014/6/7,5.3,24,20.7,2,22,0.3
2014/6/8,5.41,24,20.59,2,22,0.3
2014/6/9,5.49,24,20.51,1.8,21,0.3
2014/6/10,5.49,24,20.51,2,21.4,0.3
2014/6/11,5.49,24,20.51,2.4,22,0.3
2014/6/12,5.49,24,20.51,2,22,0.4
2014/6/13,4,24,22,1.8,22,0.2
2014/6/14,5.89,24,21.11,2,22,0.4
2014/6/15,5.86,24,21.14,2,21.8,0.4
2014/6/16,6.94,24,25.06,2.2,22,0.4
2014/6/17,5.62,24,20.38,2.2,21,0.4
2014/6/18,5.64,24,21.36,2,21,0.4
2014/6/19,5.83,24,18.17,2,22,0.4
2014/6/20,6.02,24,21.98,2,22,0.4
2014/6/21,6.21,24,22.79,2.2,22,0.4
2014/6/22,5.92,24,19.08,2.2,21.8,0.4
2014/6/23,5.82,24,17.18,2,21,0.4
2014/6/24,5.85,24,16.15,2,21,0.4
2014/6/25,5.97,24,19.03,2,21,0.4
2014/6/26,5.6,24,22.4,1.4,21,0.3
2014/6/27,4.56,24,16.44,1.3,22.6,0.2
2014/6/28,4.77,24,17.23,2.2,22,0.4
2014/6/29,4.56,24,16.44,2,21.6,0.3
2014/6/30,4.34,24,15.66,1.2,22,0.3
2014/7/1,4.77,24,17.23,2.2,22,0.4
2014/7/2,4.56,24,16.44,2,22,0.3
2014/7/3,4.32,24,15.68,2,22,0.4
2014/7/4,4.75,24,17.25,2,22,0.3
2014/7/5,4.54,24,16.46,2,21.8,0.3
2014/7/6,4.75,24,17.25,2,22,0.3
2014/7/7,4.77,24,17.23,2,22,0.3
2014/7/8,4.99,24,18.01,1.8,22,0.3
2014/7/9,4.77,24,17.23,2,22,0.3
2014/7/10,4.77,24,17.23,2,23,0.3
2014/7/11,4.56,24,16.44,1.8,22,0.3
2014/7/12,4.56,24,16.44,1.8,21.2,0.3
2014/7/13,4.77,24,17.23,2,22,0.3
2014/7/14,4.12,24,14.88,1.8,22,0.3
2014/7/15,4.73,24,17.27,1.8,22,0.3
2014/7/16,4.73,24,17.27,2,22,0.3
2014/7/17,4.73,24,17.27,2,22,0.3
2014/7/18,4.94,24,18.06,2.2,22,0.4
2014/7/19,4.94,24,18.06,2.1,22,0.4
2014/7/20,4.24,24,15.76,1.8,21.2,0.3
2014/7/21,4.69,24,17.31,2,22.4,0.4
2014/7/22,4.69,24,17.31,2,22,0.4
2014/7/23,4.9,24,18.1,1.8,21.4,0.3
2014/7/24,4.94,24,18.06,2,22,0.4
2014/7/25,4.97,24,18.03,2,22,0.4
2014/7/26,4.73,24,17.27,1.8,21.4,0.3
2014/7/27,4.97,24,18.03,2,22.1,0.4
2014/7/28,5.21,24,18.79,2,20,0.3
2014/7/29,5.21,24,18.79,1.6,21,0.2
2014/7/30,4.77,24,17.23,2.4,21.8,0.4
2014/7/31,5.18,24,18.82,1.8,21.8,0.3
2014/8/1,5.4,24,19.6,2.2,21.8,0.3
2014/8/2,5.37,24,19.63,2.6,22,0.3
2014/8/3,5.37,24,19.63,2.6,21.8,0.3
2014/8/4,4.94,24,18.06,1.8,21.6,0.3
2014/8/5,4.71,24,17.29,2.8,22,0.3
